,mean_fit_time,std_fit_time,mean_score_time,std_score_time,param_neurons_hidden_3,param_neurons_hidden_2,param_neurons_hidden_1,params,split0_test_score,split1_test_score,split2_test_score,split3_test_score,split4_test_score,mean_test_score,std_test_score,rank_test_score
0,0.9395647048950195,0.28268670105835314,0.25559520721435547,0.02262595671368875,152,63,283,"{'neurons_hidden_3': 152, 'neurons_hidden_2': 63, 'neurons_hidden_1': 283}",-435.2720740669648,-419.87630892127754,-485.52306528008273,-389.2977850687864,-346.5367643398505,-415.3011995353924,46.380174634854306,117
1,0.7334726333618165,0.03503270318605762,0.24687085151672364,0.0286743030890081,54,148,25,"{'neurons_hidden_3': 54, 'neurons_hidden_2': 148, 'neurons_hidden_1': 25}",-795.4951919845065,-1754.8458904109589,-384.35568565417805,-691.3394619153274,-1695.11301369863,-1064.2298487327203,556.4995092182697,293
2,0.7286477088928223,0.022389363731176906,0.2666026592254639,0.0291766851645838,279,30,37,"{'neurons_hidden_3': 279, 'neurons_hidden_2': 30, 'neurons_hidden_1': 37}",-488.4664758466655,-488.726304774239,-1905.8561643835617,-407.4481198205069,-472.57576292968747,-752.6145655509321,577.3974400670505,272
3,0.7410531044006348,0.036055173388279446,0.2553393363952637,0.025105210326579166,105,200,144,"{'neurons_hidden_3': 105, 'neurons_hidden_2': 200, 'neurons_hidden_1': 144}",-444.5306633972693,-389.6643444016706,-443.2236368859983,-371.178603375958,-439.5873235597603,-417.6369143241312,30.985848061663773,120
4,0.7480975151062011,0.042746971624578675,0.2575417995452881,0.030031120243466904,254,125,36,"{'neurons_hidden_3': 254, 'neurons_hidden_2': 125, 'neurons_hidden_1': 36}",-1793.4075342465753,-436.8050510036859,-1905.8561643835617,-494.9085865422811,-393.24614696827973,-1004.8446966288768,691.4346932597923,290
5,0.7752550125122071,0.040425919465752636,0.2541485786437988,0.03590196736485468,75,178,193,"{'neurons_hidden_3': 75, 'neurons_hidden_2': 178, 'neurons_hidden_1': 193}",-482.28996365064535,-407.49284641026367,-418.09416788041335,-355.8196996465353,-379.0554479221173,-408.550425101995,42.84904696764743,102
6,0.761345100402832,0.03865195950727418,0.23607864379882812,0.016663709423589357,149,72,154,"{'neurons_hidden_3': 149, 'neurons_hidden_2': 72, 'neurons_hidden_1': 154}",-441.8122013749952,-404.95784322221306,-439.8924733089894,-390.7100113216494,-376.0238638511975,-410.6792786158088,26.287540225160104,110
7,0.7544906616210938,0.018941868353482254,0.2414552688598633,0.020292559970603002,71,232,203,"{'neurons_hidden_3': 71, 'neurons_hidden_2': 232, 'neurons_hidden_1': 203}",-400.37203934267876,-381.53039614340344,-448.37930137570123,-357.2844309409186,-424.8372019976897,-402.4806739600784,31.9141323182291,86
8,0.7081901550292968,0.013454374949173363,0.25100908279418943,0.028642057379386965,23,92,36,"{'neurons_hidden_3': 23, 'neurons_hidden_2': 92, 'neurons_hidden_1': 36}",-508.35148460532855,-902.8850577534681,-703.8450246968134,-1583.0650684931506,-466.7685632492102,-832.9830397595942,405.87797631570754,274
9,0.7580616474151611,0.016328688960850445,0.24815835952758789,0.03333619660841491,192,141,53,"{'neurons_hidden_3': 192, 'neurons_hidden_2': 141, 'neurons_hidden_1': 53}",-433.652116228899,-400.28738778627644,-361.99014330133065,-399.2520025199077,-1695.11301369863,-658.0589327070087,519.0228339345105,210
10,0.7782886505126954,0.028573332443132628,0.2688039779663086,0.03447645778323523,108,289,214,"{'neurons_hidden_3': 108, 'neurons_hidden_2': 289, 'neurons_hidden_1': 214}",-380.7651996731655,-359.40818403769407,-309.63080385655144,-388.0880974903459,-345.56293565365416,-356.69104414228224,27.96863881908788,27
11,0.7663853168487549,0.03136412891886887,0.26762027740478517,0.033817771178100836,60,52,298,"{'neurons_hidden_3': 60, 'neurons_hidden_2': 52, 'neurons_hidden_1': 298}",-439.07536422276087,-471.86886927925235,-373.7530344073882,-609.9154373542757,-386.3324911082586,-456.18903927438714,84.6713323734651,142
12,0.7398391246795655,0.027135245380969845,0.2571727752685547,0.0235326042505895,38,32,89,"{'neurons_hidden_3': 38, 'neurons_hidden_2': 32, 'neurons_hidden_1': 89}",-1793.4075342465753,-476.2518633168806,-464.9008710714438,-1583.0650684931506,-408.475536680862,-945.2201747617826,610.7373612928291,283
13,0.767161226272583,0.031248627592781384,0.25377354621887205,0.025719639020579575,54,67,154,"{'neurons_hidden_3': 54, 'neurons_hidden_2': 67, 'neurons_hidden_1': 154}",-473.46647994505855,-446.7598400140752,-389.60288833003324,-550.7497874952094,-471.12786916489847,-466.34137298985496,51.90508567690022,149
14,0.7571158885955811,0.034603037639770524,0.2762004375457764,0.03165087636123106,67,73,222,"{'neurons_hidden_3': 67, 'neurons_hidden_2': 73, 'neurons_hidden_1': 222}",-440.39316936740545,-408.8911780047976,-1905.8561643835617,-423.8975263459343,-375.4022597740154,-710.8880595751428,597.8683235709217,255
15,0.7918716907501221,0.019666448959783624,0.25222091674804686,0.009342523183398553,49,206,283,"{'neurons_hidden_3': 49, 'neurons_hidden_2': 206, 'neurons_hidden_1': 283}",-375.2829941645597,-379.5697992542768,-365.1238172831653,-1583.0650684931506,-382.2584159854973,-617.0600190361299,483.03770709399055,174
16,0.776461124420166,0.02289397205381526,0.26287193298339845,0.023389344454632557,161,46,61,"{'neurons_hidden_3': 161, 'neurons_hidden_2': 46, 'neurons_hidden_1': 61}",-557.8271619555887,-500.16074595772994,-399.20966757313766,-440.8440719269672,-453.0823054740858,-470.2247905775019,54.3517727675169,151
17,0.8486828804016113,0.028165219472727827,0.25049710273742676,0.010106163400564565,255,245,253,"{'neurons_hidden_3': 255, 'neurons_hidden_2': 245, 'neurons_hidden_1': 253}",-354.9844364924395,-352.4788058845962,-287.761806392651,-373.200300827755,-335.82710888884674,-340.8504916972577,29.06936228851163,10
18,0.7763826847076416,0.03468676342928685,0.2826338291168213,0.03277862336754915,159,46,209,"{'neurons_hidden_3': 159, 'neurons_hidden_2': 46, 'neurons_hidden_1': 209}",-431.86878931195395,-1754.8458904109589,-388.485239483175,-392.67717146656634,-377.06452312565233,-668.9883227596613,543.2424260341489,222
19,0.831361722946167,0.037550336149332966,0.2814579963684082,0.050720885647003514,225,238,185,"{'neurons_hidden_3': 225, 'neurons_hidden_2': 238, 'neurons_hidden_1': 185}",-369.8920838910793,-355.3009166151043,-335.5095890253419,-385.2919943950126,-337.9392574777919,-356.786768280866,18.944402808102833,28
20,0.7911289691925049,0.013525584541444584,0.26579999923706055,0.007244205042654896,141,129,170,"{'neurons_hidden_3': 141, 'neurons_hidden_2': 129, 'neurons_hidden_1': 170}",-422.41393851104687,-410.6844340963837,-416.2211168473424,-388.1490186193627,-381.34052550647306,-403.7618067161217,16.10920359622779,90
21,0.8119125366210938,0.04418848743378869,0.2597157955169678,0.023434555410088577,43,211,193,"{'neurons_hidden_3': 43, 'neurons_hidden_2': 211, 'neurons_hidden_1': 193}",-1793.4075342465753,-389.8018764813716,-420.48184476340776,-379.79530168996433,-364.37344789991477,-669.5720010162468,562.2170802407479,225
22,0.8087003231048584,0.04296799728024615,0.2716390609741211,0.03728639944511484,295,168,218,"{'neurons_hidden_3': 295, 'neurons_hidden_2': 168, 'neurons_hidden_1': 218}",-418.87640863003963,-352.1423844967331,-315.3104870818599,-349.8896707604132,-344.7563231110649,-356.1950548160221,34.02212980573355,25
23,0.7947645664215088,0.03890913481333311,0.2543132781982422,0.02407748436527923,276,77,191,"{'neurons_hidden_3': 276, 'neurons_hidden_2': 77, 'neurons_hidden_1': 191}",-460.4771622153473,-414.15783248612956,-1905.8561643835617,-406.3935740557969,-414.21292092065835,-720.2195308122988,593.1274508104239,264
24,0.8024977207183838,0.03403397756575991,0.2751916885375977,0.032099981365104516,128,263,163,"{'neurons_hidden_3': 128, 'neurons_hidden_2': 263, 'neurons_hidden_1': 163}",-1793.4075342465753,-337.9860723632188,-365.4313411986606,-363.7091058631425,-356.0521705325856,-643.3172448408366,575.1273438839186,196
25,0.816870927810669,0.032228163286627046,0.26107234954833985,0.03284521713677728,251,205,53,"{'neurons_hidden_3': 251, 'neurons_hidden_2': 205, 'neurons_hidden_1': 53}",-1793.4075342465753,-423.30111425068367,-446.39960663869476,-397.5758381040511,-432.60044783149647,-698.6569082143002,547.6074038133081,247
26,0.8182441234588623,0.04733324997818766,0.25781903266906736,0.025064096238036467,217,248,184,"{'neurons_hidden_3': 217, 'neurons_hidden_2': 248, 'neurons_hidden_1': 184}",-407.0967586661428,-427.8747632227618,-292.34394163578065,-360.75264662985404,-324.6983491624255,-362.55329186339293,50.23267248493683,35
27,0.814271068572998,0.0340156494259655,0.26662616729736327,0.03068990411744095,79,108,266,"{'neurons_hidden_3': 79, 'neurons_hidden_2': 108, 'neurons_hidden_1': 266}",-459.3938848568171,-392.720218744535,-393.93741488715165,-390.6585040634459,-383.8800134735323,-404.1180072050964,27.855740187626786,91
28,0.8174214363098145,0.023859133223355432,0.29605579376220703,0.03885156501263425,280,181,293,"{'neurons_hidden_3': 280, 'neurons_hidden_2': 181, 'neurons_hidden_1': 293}",-375.1875077760278,-1754.8458904109589,-301.4489975115104,-350.67994186386557,-346.9682242543801,-625.8261123633486,565.0120386103081,179
29,0.8014677047729493,0.0412394344241085,0.26793670654296875,0.020546464418830564,217,72,130,"{'neurons_hidden_3': 217, 'neurons_hidden_2': 72, 'neurons_hidden_1': 130}",-443.01222050197833,-390.5202113993387,-393.91302469642136,-392.22646517730243,-383.42865672894527,-400.62011570079727,21.494572881568764,81
30,0.8301663875579834,0.04493984026198559,0.2913081645965576,0.03637670345406231,261,138,287,"{'neurons_hidden_3': 261, 'neurons_hidden_2': 138, 'neurons_hidden_1': 287}",-383.0196604345965,-345.1478526514534,-315.6343285028495,-385.0292794098181,-339.7641520183528,-353.71905460341407,26.67398301985196,23
31,0.8156282901763916,0.03038866496388083,0.27576117515563964,0.032151103798972874,199,117,86,"{'neurons_hidden_3': 199, 'neurons_hidden_2': 117, 'neurons_hidden_1': 86}",-454.1929009474526,-392.1066325543718,-404.6467605864626,-401.9282045533713,-377.6597928808563,-406.1068583045029,25.834482312790836,95
32,0.7770672798156738,0.011050808523946453,0.2718957901000977,0.01655580714041502,85,48,30,"{'neurons_hidden_3': 85, 'neurons_hidden_2': 48, 'neurons_hidden_1': 30}",-519.5378787976493,-593.1101703284047,-741.1507713872969,-426.5077277197844,-1695.11301369863,-795.0839123863531,461.63374658222966,273
33,0.8175080776214599,0.02209032879350009,0.27180113792419436,0.02171923131606354,281,295,116,"{'neurons_hidden_3': 281, 'neurons_hidden_2': 295, 'neurons_hidden_1': 116}",-354.65016161829817,-333.5494953112555,-289.1088903669605,-350.5141237620099,-314.0368477680313,-328.37190376531106,24.309299652401034,1
34,0.7797815322875976,0.027116784075605308,0.25777420997619627,0.014158097629061468,54,175,87,"{'neurons_hidden_3': 54, 'neurons_hidden_2': 175, 'neurons_hidden_1': 87}",-432.8017615183196,-393.7747017238163,-394.78611977098325,-408.91111311614065,-419.04366282459586,-409.8634717907711,14.815688281572069,107
35,0.7984911441802979,0.02533301879191413,0.25208272933959963,0.02031053226859182,250,46,235,"{'neurons_hidden_3': 250, 'neurons_hidden_2': 46, 'neurons_hidden_1': 235}",-431.39357325969024,-413.31082006610006,-403.26552755986734,-402.610167262538,-398.4775681676197,-409.81153126316315,11.842280914337586,106
36,0.7988925457000733,0.03297732905028771,0.27178196907043456,0.023217834605530542,213,225,198,"{'neurons_hidden_3': 213, 'neurons_hidden_2': 225, 'neurons_hidden_1': 198}",-374.30739871372646,-378.43477525904524,-1905.8561643835617,-359.49938243362516,-324.2079688080899,-668.4611379196097,618.9920477099768,221
37,0.8015912055969239,0.03926004706551607,0.2612999439239502,0.02981824489684887,175,224,126,"{'neurons_hidden_3': 175, 'neurons_hidden_2': 224, 'neurons_hidden_1': 126}",-402.3065729578992,-461.23265810185205,-1905.8561643835617,-443.16341282217445,-388.01566968461265,-720.11489559002,593.4638184414479,263
38,0.7794635772705079,0.028066356050848486,0.2781559467315674,0.013146188679083542,285,172,24,"{'neurons_hidden_3': 285, 'neurons_hidden_2': 172, 'neurons_hidden_1': 24}",-1793.4075342465753,-407.68158134804526,-365.6951217777054,-487.62028344504176,-376.0922331225249,-686.0993507879786,555.3026365214769,237
39,0.8162308692932129,0.020102903017972722,0.26765851974487304,0.03453014664543241,198,210,280,"{'neurons_hidden_3': 198, 'neurons_hidden_2': 210, 'neurons_hidden_1': 280}",-363.32625934544114,-351.02932104584494,-290.36180282099116,-397.08657754775436,-322.3844913619525,-344.83769042439684,36.28189122536656,13
40,0.8430486202239991,0.04589836554075995,0.2702702522277832,0.023951564049948772,97,254,299,"{'neurons_hidden_3': 97, 'neurons_hidden_2': 254, 'neurons_hidden_1': 299}",-383.0069153746561,-427.2637141164928,-294.4871742207072,-382.7830518735181,-317.711381530261,-361.050447423127,48.26496294248371,34
41,0.8154198169708252,0.049955582602458776,0.27129354476928713,0.03059750243462436,278,36,145,"{'neurons_hidden_3': 278, 'neurons_hidden_2': 36, 'neurons_hidden_1': 145}",-439.2768980039249,-462.41220551752525,-359.96457467594814,-398.6327836209806,-397.65037166203587,-411.587366696083,35.71231746738489,111
42,0.7712272644042969,0.027007645077351126,0.268174934387207,0.026780020067315377,249,37,93,"{'neurons_hidden_3': 249, 'neurons_hidden_2': 37, 'neurons_hidden_1': 93}",-462.00685410957243,-424.6212883122854,-384.2739278334299,-559.2035927885084,-423.34250582209427,-450.68963377317806,59.56816064818484,138
43,0.7992930889129639,0.032633284838243064,0.2593785285949707,0.02028342491833922,295,83,224,"{'neurons_hidden_3': 295, 'neurons_hidden_2': 83, 'neurons_hidden_1': 224}",-451.6133177428729,-373.5017682038548,-402.98198046140277,-389.6518639415039,-339.9740021980209,-391.5445865095311,36.68165020757793,64
44,0.7867702960968017,0.03338045724694072,0.28941822052001953,0.04274556655666323,146,111,222,"{'neurons_hidden_3': 146, 'neurons_hidden_2': 111, 'neurons_hidden_1': 222}",-438.69824211860396,-1754.8458904109589,-458.87608254009007,-368.87547736256977,-365.12368857972353,-677.2838762023891,540.060123838149,231
45,0.7951020240783692,0.01662215392337249,0.2565329074859619,0.013112470298785062,246,215,27,"{'neurons_hidden_3': 246, 'neurons_hidden_2': 215, 'neurons_hidden_1': 27}",-434.78771575769906,-433.6374815674588,-378.9894082614315,-447.65206612185796,-372.1302175788115,-413.43937785745175,31.39257903057309,114
46,0.8145922660827637,0.04464450236742106,0.2506587982177734,0.015131916631640662,121,43,142,"{'neurons_hidden_3': 121, 'neurons_hidden_2': 43, 'neurons_hidden_1': 142}",-492.2470622190649,-577.5325961604415,-372.86897082589445,-415.98270801901555,-441.8744555438804,-460.1011585536593,70.30164523937916,145
47,0.8150635242462159,0.03986104720284186,0.2723121166229248,0.0259392200360025,200,164,151,"{'neurons_hidden_3': 200, 'neurons_hidden_2': 164, 'neurons_hidden_1': 151}",-421.7013989561657,-373.3930928460043,-424.84633771051307,-382.12569416664235,-406.82254633312584,-401.77781400249035,20.719331827719156,84
48,0.7942584037780762,0.041888881725493016,0.26318840980529784,0.027381590427357876,284,84,285,"{'neurons_hidden_3': 284, 'neurons_hidden_2': 84, 'neurons_hidden_1': 285}",-398.07683893442675,-381.32954196746704,-336.24429943522955,-379.85357654373644,-367.39155230646963,-372.57916183746585,20.62402151625496,43
49,0.7871495246887207,0.007646477405754183,0.26795530319213867,0.020697076446121124,246,42,128,"{'neurons_hidden_3': 246, 'neurons_hidden_2': 42, 'neurons_hidden_1': 128}",-491.1924676014502,-405.3431359106894,-1905.8561643835617,-441.08203066697916,-1695.11301369863,-987.7173624522623,667.5169456900142,288
50,0.792719554901123,0.0349007529575579,0.24463443756103515,0.01601336687265024,24,153,188,"{'neurons_hidden_3': 24, 'neurons_hidden_2': 153, 'neurons_hidden_1': 188}",-433.9669609068217,-402.47041076879736,-413.35314479656455,-455.1348180413445,-383.90377826935605,-417.76582255657684,24.734502612607812,121
51,0.7939477443695069,0.014072721289631983,0.2613217830657959,0.009040186939196856,267,128,139,"{'neurons_hidden_3': 267, 'neurons_hidden_2': 128, 'neurons_hidden_1': 139}",-1793.4075342465753,-523.3880284118657,-371.85599805553267,-1583.0650684931506,-423.6406848985413,-939.0714628211332,617.2216579198323,282
52,0.7758726119995117,0.031577263651316405,0.27043328285217283,0.019385550787455942,188,39,22,"{'neurons_hidden_3': 188, 'neurons_hidden_2': 39, 'neurons_hidden_1': 22}",-607.783665073934,-527.0409403544943,-557.9625882534898,-484.284497560849,-589.5957061183658,-553.3334794722266,44.18203245157551,167
53,0.7883393287658691,0.026884251942100184,0.26528234481811525,0.025889584070199038,32,230,218,"{'neurons_hidden_3': 32, 'neurons_hidden_2': 230, 'neurons_hidden_1': 218}",-444.493965192367,-407.19036685853666,-362.8525260025092,-395.24311039923475,-361.338540401144,-394.22370177075834,30.86051681134425,70
54,0.8044617176055908,0.03749603162268456,0.28641815185546876,0.04048192651869424,136,296,102,"{'neurons_hidden_3': 136, 'neurons_hidden_2': 296, 'neurons_hidden_1': 102}",-411.8751178716083,-387.2898310862768,-355.09094596287025,-1583.0650684931506,-344.7714118142886,-616.418475045639,483.90655327017026,173
55,0.8198508739471435,0.04181636048290446,0.26641573905944826,0.029041295266410933,176,142,250,"{'neurons_hidden_3': 176, 'neurons_hidden_2': 142, 'neurons_hidden_1': 250}",-431.7890218922153,-339.83150005153175,-505.0427054912504,-375.5559869874968,-322.9189587207093,-395.02763462864067,66.45319388224739,71
56,0.8193740844726562,0.0371810110055152,0.26812152862548827,0.022905696333827778,297,137,207,"{'neurons_hidden_3': 297, 'neurons_hidden_2': 137, 'neurons_hidden_1': 207}",-458.9532403918262,-379.6093663115302,-308.3458552029568,-366.4714337854868,-314.05706978274515,-365.48739309490907,54.49127743628964,38
57,0.8103608608245849,0.01284681501498737,0.26700940132141116,0.027979915319138998,216,247,119,"{'neurons_hidden_3': 216, 'neurons_hidden_2': 247, 'neurons_hidden_1': 119}",-1793.4075342465753,-383.63963901357124,-337.397778237691,-372.533123550515,-357.9451471230505,-648.9846444342805,572.4207421483558,200
58,0.7847163677215576,0.0166580259354973,0.27559938430786135,0.02318369883361443,225,23,240,"{'neurons_hidden_3': 225, 'neurons_hidden_2': 23, 'neurons_hidden_1': 240}",-436.6376725523592,-492.31110309093094,-361.8423418072487,-502.4123628892388,-1695.11301369863,-697.6632988076815,501.22020683955327,245
59,0.8205342769622803,0.047486998590933784,0.26290163993835447,0.017237031678807798,187,223,92,"{'neurons_hidden_3': 187, 'neurons_hidden_2': 223, 'neurons_hidden_1': 92}",-473.7659267908216,-424.4539526993837,-1905.8561643835617,-1583.0650684931506,-360.33805991464607,-949.4958344563127,658.0470896411206,285
60,0.7849855422973633,0.020443730434764548,0.26372699737548827,0.02612793727924161,141,46,156,"{'neurons_hidden_3': 141, 'neurons_hidden_2': 46, 'neurons_hidden_1': 156}",-442.61081146190855,-467.5616243348097,-368.63236037834497,-465.30947092036087,-390.2454336447917,-426.8719401480431,40.284378788085704,128
61,0.8149875640869141,0.03538688844280791,0.2579041004180908,0.019441329756369134,67,181,184,"{'neurons_hidden_3': 67, 'neurons_hidden_2': 181, 'neurons_hidden_1': 184}",-461.9244860111843,-377.17735569203745,-406.62901843421133,-364.5589405608239,-360.046343742549,-394.06722888816114,37.61870126291089,68
62,0.7672564029693604,0.023328911492977063,0.2732443332672119,0.029840647365082427,139,174,53,"{'neurons_hidden_3': 139, 'neurons_hidden_2': 174, 'neurons_hidden_1': 53}",-446.9516954233952,-407.3996100196731,-402.9501064300996,-406.18011584280725,-386.263477701095,-409.9490010834141,19.999459109852932,108
63,0.8223363399505615,0.04361045871615544,0.25343976020812986,0.024823501261443982,132,277,137,"{'neurons_hidden_3': 132, 'neurons_hidden_2': 277, 'neurons_hidden_1': 137}",-435.0679124830389,-349.99559138936945,-395.7659854759417,-375.7669283317948,-413.1278146258102,-393.944846461191,29.408784751635576,67
64,0.7763090133666992,0.028968372646112933,0.2675355911254883,0.02432082431372773,52,264,96,"{'neurons_hidden_3': 52, 'neurons_hidden_2': 264, 'neurons_hidden_1': 96}",-497.2338518491578,-922.3262840358807,-1905.8561643835617,-388.5068923928657,-1695.11301369863,-1081.8072412720192,616.9321186761697,295
65,0.7804078578948974,0.03132467755600251,0.25361952781677244,0.0159224700768826,179,45,108,"{'neurons_hidden_3': 179, 'neurons_hidden_2': 45, 'neurons_hidden_1': 108}",-462.58562584511816,-427.4736030512706,-380.9086990485004,-523.6770043664443,-502.94763144969914,-459.5185127522065,51.41631380807526,144
66,0.7488175868988037,0.032414962855594344,0.2652398109436035,0.025267708118015188,128,62,85,"{'neurons_hidden_3': 128, 'neurons_hidden_2': 62, 'neurons_hidden_1': 85}",-508.7950429278385,-435.82950603512614,-399.3468487524161,-534.9196931912111,-507.8963005170256,-477.35747828472347,51.077547940669746,153
67,0.8327812194824219,0.026529099397449487,0.24091582298278807,0.014232448746571218,281,184,291,"{'neurons_hidden_3': 281, 'neurons_hidden_2': 184, 'neurons_hidden_1': 291}",-360.38799135413933,-335.65407735386174,-292.4068786972073,-1583.0650684931506,-314.67849941071404,-577.2385030618146,503.4165409788134,169
68,0.7815520286560058,0.02353338216434181,0.24449000358581544,0.022510635583676823,213,36,109,"{'neurons_hidden_3': 213, 'neurons_hidden_2': 36, 'neurons_hidden_1': 109}",-539.9910315097201,-492.21459053921336,-405.2270130665078,-521.0152637222947,-486.46763535589,-488.9831068387251,46.17298080376324,161
69,0.8267453193664551,0.029360583476492765,0.2696357250213623,0.03212626426230612,238,297,112,"{'neurons_hidden_3': 238, 'neurons_hidden_2': 297, 'neurons_hidden_1': 112}",-434.72937002560633,-393.7001315324933,-331.7548597870979,-343.93527761288567,-339.88374569055765,-368.8006769297282,39.48023550103975,39
70,0.7509748458862304,0.022994549748313532,0.2650111198425293,0.03785281535714682,159,49,72,"{'neurons_hidden_3': 159, 'neurons_hidden_2': 49, 'neurons_hidden_1': 72}",-1793.4075342465753,-1749.486289348523,-1905.8561643835617,-578.427166754548,-454.7254978888949,-1296.3805305244207,639.9439734673299,300
71,0.7839139461517334,0.050195149322190075,0.2639047622680664,0.02950721436842933,198,33,207,"{'neurons_hidden_3': 198, 'neurons_hidden_2': 33, 'neurons_hidden_1': 207}",-422.00277708618296,-403.29259985434635,-398.38389941893075,-1583.0650684931506,-377.25299925213045,-636.7994688209483,473.34723308723454,189
72,0.8096760749816895,0.041954380909402525,0.2897597312927246,0.03048535175292538,207,274,122,"{'neurons_hidden_3': 207, 'neurons_hidden_2': 274, 'neurons_hidden_1': 122}",-401.022085155805,-333.89822762253,-371.083741648918,-365.816062971884,-1695.11301369863,-633.3866262195534,531.2901866735536,185
73,0.8211668968200684,0.03077244807856483,0.26221356391906736,0.025185612831409486,154,231,203,"{'neurons_hidden_3': 154, 'neurons_hidden_2': 231, 'neurons_hidden_1': 203}",-396.33831823007444,-1754.8458904109589,-400.99106830843334,-368.8473333885727,-369.6907440943391,-658.1426708864758,548.5112075175458,211
74,0.7745084762573242,0.028893688079788444,0.27456345558166506,0.027150659075755108,194,36,81,"{'neurons_hidden_3': 194, 'neurons_hidden_2': 36, 'neurons_hidden_1': 81}",-495.96816083448147,-511.19344437745724,-389.5965884129033,-567.0272918071373,-427.28778500497214,-478.21465408739033,62.82862371241265,155
75,0.8081191539764404,0.032119548654117265,0.2525786399841309,0.013989337296511308,291,64,101,"{'neurons_hidden_3': 291, 'neurons_hidden_2': 64, 'neurons_hidden_1': 101}",-1793.4075342465753,-406.2657276964166,-408.0474387595468,-386.5605929123017,-366.6579773406796,-672.187854191104,560.8118660301992,228
76,0.7964352130889892,0.01822521873664035,0.2607773780822754,0.01648075286140452,176,224,197,"{'neurons_hidden_3': 176, 'neurons_hidden_2': 224, 'neurons_hidden_1': 197}",-1793.4075342465753,-337.8904968073557,-338.27627853738693,-363.84306432229056,-320.5613825835306,-630.7957512994278,581.4699284603561,181
77,0.8099348068237304,0.03906125623132217,0.2643563270568848,0.033063838279136865,213,195,28,"{'neurons_hidden_3': 213, 'neurons_hidden_2': 195, 'neurons_hidden_1': 28}",-437.455473564691,-1541.5854474403716,-386.3098777624408,-421.4164551582097,-382.6958873943999,-633.8926282640226,454.320801821316,186
78,0.7825526714324951,0.03657215535319454,0.27931365966796873,0.030233293355569842,60,79,177,"{'neurons_hidden_3': 60, 'neurons_hidden_2': 79, 'neurons_hidden_1': 177}",-426.9303123209294,-406.5351890663371,-376.10004009843055,-378.5436249397894,-427.783420831032,-403.17851745130366,22.45412273498851,87
79,0.7923355579376221,0.023359892420244787,0.2589112281799316,0.023714496109117498,88,182,96,"{'neurons_hidden_3': 88, 'neurons_hidden_2': 182, 'neurons_hidden_1': 96}",-421.0234839417329,-420.01491241951675,-447.49129524454753,-1583.0650684931506,-406.6116789372298,-655.6412878072355,463.90135527902413,206
80,0.7999532699584961,0.01974321871802124,0.2787648677825928,0.033010034343552375,135,59,236,"{'neurons_hidden_3': 135, 'neurons_hidden_2': 59, 'neurons_hidden_1': 236}",-426.54866806601416,-421.6210570461084,-371.5637138065673,-396.13863735412855,-373.43673501743274,-397.86176225805025,23.145544371030923,75
81,0.7984494209289551,0.0382348987685354,0.24197540283203126,0.009679175256796565,254,53,218,"{'neurons_hidden_3': 254, 'neurons_hidden_2': 53, 'neurons_hidden_1': 218}",-1793.4075342465753,-400.24428383967154,-375.17580654298445,-379.5931023630257,-385.8584727551752,-666.8558399494864,563.3395218584898,219
82,0.7684455394744873,0.03922047153048268,0.2560100555419922,0.015369930845117218,72,144,80,"{'neurons_hidden_3': 72, 'neurons_hidden_2': 144, 'neurons_hidden_1': 80}",-580.6657094100176,-432.5090194648832,-383.4259703159405,-472.4435337146264,-408.18051110474283,-455.4449488020421,69.1605493961013,141
83,0.7889955520629883,0.024632781295941018,0.25997314453125,0.03196190742496545,196,27,201,"{'neurons_hidden_3': 196, 'neurons_hidden_2': 27, 'neurons_hidden_1': 201}",-1793.4075342465753,-413.84244848558643,-447.62655474168804,-488.9817964894815,-412.41773685097417,-711.255214162861,541.796525859831,256
84,0.8051793575286865,0.01258635879933565,0.2728930950164795,0.02510385072032944,276,179,95,"{'neurons_hidden_3': 276, 'neurons_hidden_2': 179, 'neurons_hidden_1': 95}",-438.7354801870654,-431.2265596654932,-430.99331894016706,-388.79302465140677,-363.38853752404356,-410.6273841936351,29.453048330822284,109
85,0.8117423534393311,0.02884145445488455,0.2685551643371582,0.017449595874461484,77,140,262,"{'neurons_hidden_3': 77, 'neurons_hidden_2': 140, 'neurons_hidden_1': 262}",-406.10024018979766,-438.95096770715423,-391.74621936218483,-400.2453757976101,-403.3494415742237,-408.0784489261941,16.17088738065864,99
86,0.796851634979248,0.034471814119769455,0.25326004028320315,0.01810637133275055,195,80,54,"{'neurons_hidden_3': 195, 'neurons_hidden_2': 80, 'neurons_hidden_1': 54}",-428.06427169943623,-519.7787690589323,-369.5458800856128,-612.9291236696644,-528.6109374659258,-491.78579639591436,84.63856464459569,162
87,0.7823837757110595,0.010073392652142526,0.25598945617675783,0.016660977727537617,65,250,33,"{'neurons_hidden_3': 65, 'neurons_hidden_2': 250, 'neurons_hidden_1': 33}",-522.235626205082,-1754.8458904109589,-911.3072349972081,-512.4953407467854,-1695.11301369863,-1079.199421211733,546.8816461917919,294
88,0.8111362934112549,0.043031715804451295,0.26664056777954104,0.017051161078917902,115,119,119,"{'neurons_hidden_3': 115, 'neurons_hidden_2': 119, 'neurons_hidden_1': 119}",-432.7571782510054,-388.18354238905056,-401.1637338263074,-400.75785009290655,-378.9300366815755,-400.35846824816906,18.209288110392162,80
89,0.8398102283477783,0.041308642187552314,0.26462407112121583,0.0313452026916441,287,229,131,"{'neurons_hidden_3': 287, 'neurons_hidden_2': 229, 'neurons_hidden_1': 131}",-364.91651794892834,-366.7131406731909,-359.0388895689982,-383.88963196004886,-313.5515602989366,-357.62194809002057,23.53745335042809,31
90,0.8077093124389648,0.03368768086529293,0.2624362468719482,0.02880214914575452,186,250,193,"{'neurons_hidden_3': 186, 'neurons_hidden_2': 250, 'neurons_hidden_1': 193}",-402.85319839761905,-335.2756374703589,-294.0376424720931,-395.4880560619388,-354.0153460180812,-356.3339760840182,40.066801408692676,26
91,0.8063611030578614,0.05709961906378509,0.2570913314819336,0.02881139921215701,118,65,44,"{'neurons_hidden_3': 118, 'neurons_hidden_2': 65, 'neurons_hidden_1': 44}",-473.52083701147984,-459.75625301237176,-383.8190067798335,-415.3505443737806,-1695.11301369863,-685.5119309752192,505.80747159540186,235
92,0.8178869247436523,0.04861906926032573,0.27080273628234863,0.02614004367972191,279,214,84,"{'neurons_hidden_3': 279, 'neurons_hidden_2': 214, 'neurons_hidden_1': 84}",-387.56942762248815,-351.88794183034884,-412.7485579406068,-370.19644047006676,-403.55837482513823,-385.19214853772974,22.07426949153527,52
93,0.8350592136383057,0.05847761400117468,0.2675821304321289,0.034487007564339235,71,288,298,"{'neurons_hidden_3': 71, 'neurons_hidden_2': 288, 'neurons_hidden_1': 298}",-364.95999205634513,-347.29663974092136,-305.64024499583934,-357.75158986606533,-326.56619127629705,-340.44293158709365,21.68612522582747,9
94,0.7977501392364502,0.03654241911937323,0.2808058261871338,0.0388630228683963,120,82,127,"{'neurons_hidden_3': 120, 'neurons_hidden_2': 82, 'neurons_hidden_1': 127}",-505.5418743669882,-432.775058164952,-356.6796692626649,-413.7970813721302,-364.4021254697939,-414.63916172730586,53.807035939311156,115
95,0.7984104156494141,0.03882709842695574,0.27084851264953613,0.033674793712521287,29,261,49,"{'neurons_hidden_3': 29, 'neurons_hidden_2': 261, 'neurons_hidden_1': 49}",-434.0056761481962,-1754.8458904109589,-384.4013023376569,-479.56803114467147,-416.3899663824982,-693.8421732847962,531.3926383978459,243
96,0.8093748092651367,0.013241885463404119,0.26729536056518555,0.0245357947215423,94,242,152,"{'neurons_hidden_3': 94, 'neurons_hidden_2': 242, 'neurons_hidden_1': 152}",-440.6462189737385,-404.7862316927904,-314.64370930402583,-389.75607015695965,-399.133037828025,-389.7930535911079,41.34126374246585,60
97,0.8050393104553223,0.008589216648655754,0.26218252182006835,0.022472482310571085,150,143,112,"{'neurons_hidden_3': 150, 'neurons_hidden_2': 143, 'neurons_hidden_1': 112}",-475.44587465489775,-1754.8458904109589,-432.1164220994505,-388.73071548582175,-514.4375431160818,-713.1152891534421,522.5606104317593,260
98,0.8225365161895752,0.021262456113043424,0.2601733684539795,0.013459252591748207,128,286,277,"{'neurons_hidden_3': 128, 'neurons_hidden_2': 286, 'neurons_hidden_1': 277}",-390.6852293211271,-318.9734438375726,-288.8465155192127,-387.7290509844662,-315.80774922495243,-340.4083977774662,41.20747716526813,8
99,0.8141839027404785,0.02912505646402792,0.25113558769226074,0.006435525820532089,252,159,243,"{'neurons_hidden_3': 252, 'neurons_hidden_2': 159, 'neurons_hidden_1': 243}",-370.41819315665424,-368.8051752672241,-1905.8561643835617,-1583.0650684931506,-351.22160573762244,-915.8732414076427,684.229094709013,279
100,0.8173320770263672,0.0254235988887765,0.2645246982574463,0.01693912147665129,138,274,210,"{'neurons_hidden_3': 138, 'neurons_hidden_2': 274, 'neurons_hidden_1': 210}",-1793.4075342465753,-1754.8458904109589,-304.0051380194382,-365.32676490528104,-315.455056882293,-906.6080768929094,708.7310236695305,277
101,0.8102335929870605,0.018522955851714852,0.2565163135528564,0.008218114734039363,43,252,265,"{'neurons_hidden_3': 43, 'neurons_hidden_2': 252, 'neurons_hidden_1': 265}",-387.63626185067574,-1754.8458904109589,-327.9884508740765,-355.94023589690727,-345.4440476627888,-634.3709773390815,560.5737688557793,187
102,0.832677698135376,0.0391656487427149,0.28223271369934083,0.025042327392856657,264,285,147,"{'neurons_hidden_3': 264, 'neurons_hidden_2': 285, 'neurons_hidden_1': 147}",-411.6685427404869,-327.1362083427695,-293.44650092142444,-340.91925972061745,-331.3229547036335,-340.89869328578635,38.8360228041032,11
103,0.8452703952789307,0.052340640612864045,0.26457977294921875,0.025040019557231112,194,129,222,"{'neurons_hidden_3': 194, 'neurons_hidden_2': 129, 'neurons_hidden_1': 222}",-389.16567751123523,-356.6716887810796,-413.1460882746302,-356.57684859382954,-341.90947328445264,-371.4939552890454,25.94089890738858,42
104,0.7928829669952393,0.028923388411903984,0.27103571891784667,0.03002346813557546,126,136,23,"{'neurons_hidden_3': 126, 'neurons_hidden_2': 136, 'neurons_hidden_1': 23}",-540.67401595918,-573.2534983115037,-389.775597390979,-600.9411979196532,-387.52363071774624,-498.43358805981234,91.64896112032844,163
105,0.8481659889221191,0.03856805531416296,0.26697559356689454,0.028053172144990323,226,202,238,"{'neurons_hidden_3': 226, 'neurons_hidden_2': 202, 'neurons_hidden_1': 238}",-404.20109849806295,-349.07027982648816,-303.9785371955717,-371.8506874006297,-1695.11301369863,-624.8427233238765,536.1288012851993,177
106,0.8371990203857422,0.035365840073010565,0.2659419536590576,0.017403627612277685,296,256,106,"{'neurons_hidden_3': 296, 'neurons_hidden_2': 256, 'neurons_hidden_1': 106}",-370.98876925866574,-334.82184571008685,-371.39242416629344,-365.1275740307692,-356.7555355220268,-359.8172297375684,13.572997988634038,33
107,0.8361587524414062,0.03778497239849646,0.2804978847503662,0.031488080071568364,104,283,190,"{'neurons_hidden_3': 104, 'neurons_hidden_2': 283, 'neurons_hidden_1': 190}",-444.6353453701486,-422.3880914155683,-307.14828291215713,-383.3889874226369,-336.98618232179945,-378.909377888462,51.25929635036645,48
108,0.8144132614135742,0.032025189150457746,0.2743535041809082,0.026106500112230882,235,70,290,"{'neurons_hidden_3': 235, 'neurons_hidden_2': 70, 'neurons_hidden_1': 290}",-430.1556883445247,-388.1466859858345,-401.84931304595636,-376.2597949626619,-353.0766161145179,-389.8976196906991,25.723131233591612,61
109,0.8108431339263916,0.027601468650953337,0.26195311546325684,0.023624478619014413,185,42,180,"{'neurons_hidden_3': 185, 'neurons_hidden_2': 42, 'neurons_hidden_1': 180}",-476.9088993173554,-433.9616196257878,-357.42025857573634,-542.7539462129747,-380.3240493615719,-438.27375461868525,66.81741615988611,134
110,0.8036210060119628,0.041487376829878055,0.2888955116271973,0.04015207260596866,103,86,65,"{'neurons_hidden_3': 103, 'neurons_hidden_2': 86, 'neurons_hidden_1': 65}",-539.7879432394703,-489.6335247755786,-390.05174040119954,-578.5404774950748,-442.02949559551337,-488.00863630136735,67.215156019921,159
111,0.8262944221496582,0.040350696557961974,0.2707866668701172,0.031102835783597817,232,48,186,"{'neurons_hidden_3': 232, 'neurons_hidden_2': 48, 'neurons_hidden_1': 186}",-455.23635883843133,-407.9082001804112,-462.02014810798624,-1583.0650684931506,-373.35778959079016,-656.3175130421539,464.5039332325995,207
112,0.821650505065918,0.026964927526194976,0.2729973793029785,0.02306871816787492,28,246,130,"{'neurons_hidden_3': 28, 'neurons_hidden_2': 246, 'neurons_hidden_1': 130}",-420.40340500917006,-398.53728714003614,-382.32684295944694,-381.8891949590689,-377.9408292561171,-392.2195118647678,15.765197364352472,66
113,0.7993849277496338,0.04106233800789189,0.25533504486083985,0.02129988041454649,81,138,82,"{'neurons_hidden_3': 81, 'neurons_hidden_2': 138, 'neurons_hidden_1': 82}",-508.57429121249044,-514.7863752135488,-366.74288896016157,-435.8256163122399,-397.95927325159136,-444.77768899000637,58.87742568261833,137
114,0.8074084758758545,0.026822856827099475,0.26377644538879397,0.019936229084780443,167,153,190,"{'neurons_hidden_3': 167, 'neurons_hidden_2': 153, 'neurons_hidden_1': 190}",-482.1120881797269,-390.5831125939809,-459.8195346713318,-360.3485232209455,-1695.11301369863,-677.5952544729231,510.68655374012366,233
115,0.7899302959442138,0.037867222704481625,0.25660929679870603,0.013910377720532968,123,78,272,"{'neurons_hidden_3': 123, 'neurons_hidden_2': 78, 'neurons_hidden_1': 272}",-448.64198438086777,-1754.8458904109589,-427.351267493578,-393.4421783259788,-414.2783582064659,-687.7119357635698,533.8684496906621,239
116,0.8056833267211914,0.03603623844414769,0.26551251411437987,0.014801018084752846,129,244,125,"{'neurons_hidden_3': 129, 'neurons_hidden_2': 244, 'neurons_hidden_1': 125}",-448.250151027303,-391.0535593271666,-357.32932910466707,-401.31683521691036,-348.40821666684695,-389.2716182685788,35.54393708956826,59
117,0.8042625904083252,0.017268401876643417,0.26146240234375,0.026174337519446738,125,193,97,"{'neurons_hidden_3': 125, 'neurons_hidden_2': 193, 'neurons_hidden_1': 97}",-439.9670595333406,-393.68611293901733,-415.762762759707,-378.1232511261197,-1695.11301369863,-664.530440011363,515.7131446137846,214
118,0.8066222667694092,0.02511278986437894,0.25892887115478513,0.017289537696977865,224,163,60,"{'neurons_hidden_3': 224, 'neurons_hidden_2': 163, 'neurons_hidden_1': 60}",-426.9467583074058,-391.5586259948979,-369.3729652117392,-373.65192459281053,-1695.11301369863,-651.3286575610966,522.2866777183176,202
119,0.8233783721923829,0.01980999297106318,0.256402587890625,0.027399036509032568,200,232,113,"{'neurons_hidden_3': 200, 'neurons_hidden_2': 232, 'neurons_hidden_1': 113}",-453.55953807725285,-367.69751045590147,-402.8433653154439,-377.7688920326398,-391.28120037190376,-398.6301012506284,29.936653759583848,77
120,0.8495046138763428,0.040422274084035474,0.2689366340637207,0.02037124508746769,190,238,284,"{'neurons_hidden_3': 190, 'neurons_hidden_2': 238, 'neurons_hidden_1': 284}",-375.6733751887977,-331.60475767965846,-299.60407240042787,-359.97395819206264,-1695.11301369863,-612.3938354319154,541.980282252464,172
121,0.8483607769012451,0.04138260799039363,0.2694033145904541,0.024482813066224903,123,158,284,"{'neurons_hidden_3': 123, 'neurons_hidden_2': 158, 'neurons_hidden_1': 284}",-382.6428744162392,-420.24702385740994,-1905.8561643835617,-356.0223868533036,-327.8641970669975,-678.5265293155023,614.4211042039096,234
122,0.7966164112091064,0.035857661442527396,0.27222981452941897,0.028091009744223072,182,25,208,"{'neurons_hidden_3': 182, 'neurons_hidden_2': 25, 'neurons_hidden_1': 208}",-1793.4075342465753,-449.5804835723365,-1905.8561643835617,-456.58501487862776,-375.49958048355273,-996.1857555129307,698.3209044187402,289
123,0.8431017398834229,0.0347942846827991,0.2662102699279785,0.024442207368088817,130,226,202,"{'neurons_hidden_3': 130, 'neurons_hidden_2': 226, 'neurons_hidden_1': 202}",-492.80474436036206,-363.33699556972164,-358.469201032413,-386.415017554086,-328.3261914098004,-385.8704299852767,56.57767505723154,54
124,0.801554536819458,0.03495947470177371,0.2305609703063965,0.00647139826278675,61,191,203,"{'neurons_hidden_3': 61, 'neurons_hidden_2': 191, 'neurons_hidden_1': 203}",-438.81368252280885,-1754.8458904109589,-371.55956732839286,-381.6697221907443,-391.98737721067806,-667.7752479327166,544.0229831737594,220
125,0.785152530670166,0.00825647984701203,0.2486198902130127,0.024673811430256567,84,128,128,"{'neurons_hidden_3': 84, 'neurons_hidden_2': 128, 'neurons_hidden_1': 128}",-434.49431505992385,-407.28690223758235,-386.04793206258904,-405.21407080246394,-383.3207489285689,-403.27279381822564,18.38175709314736,88
126,0.8304989337921143,0.04319766917698911,0.26589059829711914,0.027976946209231156,261,203,187,"{'neurons_hidden_3': 261, 'neurons_hidden_2': 203, 'neurons_hidden_1': 187}",-401.33501027989183,-1754.8458904109589,-347.19478840568047,-352.1434163976454,-331.9600977765621,-637.4958406541477,559.1593455600996,190
127,0.8111357688903809,0.03800094010392203,0.2723223686218262,0.025471717130312998,167,146,226,"{'neurons_hidden_3': 167, 'neurons_hidden_2': 146, 'neurons_hidden_1': 226}",-419.716559102028,-1754.8458904109589,-352.48578245393696,-384.27334157558676,-344.388274799159,-651.1419696683338,552.4911361200037,201
128,0.8398463249206543,0.023714193738743408,0.2705179214477539,0.04005086443765995,272,240,254,"{'neurons_hidden_3': 272, 'neurons_hidden_2': 240, 'neurons_hidden_1': 254}",-375.79896095769266,-337.9006239162121,-444.69089663104324,-405.1805736639484,-301.0896288337336,-372.93213680052594,50.171810450129435,44
129,0.7987963199615479,0.03054223126183376,0.27469701766967775,0.01770190714667114,48,176,79,"{'neurons_hidden_3': 48, 'neurons_hidden_2': 176, 'neurons_hidden_1': 79}",-443.95911540905405,-571.5900209477041,-381.38277028859034,-438.60970407082664,-379.9627581197509,-443.1008737671852,69.7508624629656,136
130,0.8538668632507325,0.052063744725734606,0.27053542137145997,0.021569926251827617,55,229,297,"{'neurons_hidden_3': 55, 'neurons_hidden_2': 229, 'neurons_hidden_1': 297}",-363.4601924480151,-360.1945913608243,-292.66792601463317,-377.6175946901994,-321.51664432102086,-343.09138976693856,31.328778436641695,12
131,0.8080975532531738,0.04876291739872828,0.2723386287689209,0.028115952495975698,169,202,145,"{'neurons_hidden_3': 169, 'neurons_hidden_2': 202, 'neurons_hidden_1': 145}",-433.2922668808008,-1754.8458904109589,-399.35768562653936,-368.1927812328709,-1695.11301369863,-930.1603275699601,649.5684301345152,281
132,0.8465667247772217,0.03370033386030431,0.2760146141052246,0.030045070624330723,221,293,251,"{'neurons_hidden_3': 221, 'neurons_hidden_2': 293, 'neurons_hidden_1': 251}",-378.4503996777949,-350.4239220270305,-287.049896718741,-341.1820217023873,-321.94076744420624,-335.809401514032,30.431997307965,4
133,0.8123085975646973,0.03057417242813933,0.29221267700195314,0.03593721230046146,84,142,259,"{'neurons_hidden_3': 84, 'neurons_hidden_2': 142, 'neurons_hidden_1': 259}",-494.8413701470072,-448.39276599395146,-370.5604194942792,-365.17703351095304,-365.73218270248265,-408.9407543697347,53.274142031934126,105
134,0.7992963314056396,0.06768144583453467,0.26081070899963377,0.02959940259802684,139,138,163,"{'neurons_hidden_3': 139, 'neurons_hidden_2': 138, 'neurons_hidden_1': 163}",-446.8549182080191,-424.5579648252501,-693.2798505199094,-386.15044510099534,-346.54589002536096,-459.477813735907,121.79708381376287,143
135,0.7763652324676513,0.03533444812880455,0.27639331817626955,0.03304615976733847,127,104,23,"{'neurons_hidden_3': 127, 'neurons_hidden_2': 104, 'neurons_hidden_1': 23}",-491.08688423408694,-454.24469325892505,-388.00896630793574,-413.951497417304,-430.79718238549503,-435.6178447207493,35.16546182135667,133
136,0.7944859504699707,0.03316979275023179,0.25809221267700194,0.024649126006894454,120,120,114,"{'neurons_hidden_3': 120, 'neurons_hidden_2': 120, 'neurons_hidden_1': 114}",-436.85526752665385,-404.22448971731296,-1905.8561643835617,-388.94926939462505,-384.4453626002348,-704.0661107244775,601.1758497820425,253
137,0.7733207702636719,0.021616290837705995,0.27594518661499023,0.03089431057373651,44,222,32,"{'neurons_hidden_3': 44, 'neurons_hidden_2': 222, 'neurons_hidden_1': 32}",-464.2978839130613,-471.5544546881662,-406.1321233364781,-558.0493391514548,-463.3369860014213,-472.67415741811635,48.73471538405074,152
138,0.802188491821289,0.023207691775651376,0.25643281936645507,0.014319501891045708,118,70,279,"{'neurons_hidden_3': 118, 'neurons_hidden_2': 70, 'neurons_hidden_1': 279}",-414.2897014204866,-396.1364431971041,-422.71673673497725,-1583.0650684931506,-395.52005145548304,-642.3456002602404,470.4766198581872,195
139,0.82491135597229,0.04341219749306196,0.2729154586791992,0.0330234288120606,255,137,238,"{'neurons_hidden_3': 255, 'neurons_hidden_2': 137, 'neurons_hidden_1': 238}",-380.7746447041643,-355.26725566549766,-1905.8545021528078,-352.7000031488079,-335.6242716163362,-666.0441354575227,620.0729841568933,216
140,0.799422025680542,0.03415816703255966,0.2603318214416504,0.02736092464372763,77,43,91,"{'neurons_hidden_3': 77, 'neurons_hidden_2': 43, 'neurons_hidden_1': 91}",-473.90687488141145,-484.48445786455426,-398.13257572190025,-432.4474443136146,-1695.11301369863,-696.8168732960221,500.0945131826058,244
141,0.8004222393035889,0.017675058413773245,0.26624770164489747,0.014507689583457694,278,126,25,"{'neurons_hidden_3': 278, 'neurons_hidden_2': 126, 'neurons_hidden_1': 25}",-432.0340390641937,-403.54377035057263,-347.8109744127939,-1583.0650684931506,-422.09617627884654,-637.7100057199116,473.57436492210036,191
142,0.8245638847351074,0.03466541199836717,0.278424596786499,0.03577382464038558,64,276,196,"{'neurons_hidden_3': 64, 'neurons_hidden_2': 276, 'neurons_hidden_1': 196}",-390.34550316392205,-420.86269755047425,-1905.8561643835617,-351.5993892326369,-1695.11301369863,-952.7553536058451,695.7153414931714,286
143,0.88516845703125,0.0836714060742783,0.289931058883667,0.031462957134612106,285,234,212,"{'neurons_hidden_3': 285, 'neurons_hidden_2': 234, 'neurons_hidden_1': 212}",-371.10032407213737,-360.8736233613278,-291.3650907821252,-364.6394608545692,-346.11175663968953,-346.8180511419698,28.91477199566864,19
144,0.8137114524841309,0.055387181226717604,0.26813449859619143,0.029716252437100896,92,254,136,"{'neurons_hidden_3': 92, 'neurons_hidden_2': 254, 'neurons_hidden_1': 136}",-403.9084781270226,-460.2865561888444,-349.21620355556473,-394.8454793796069,-1695.11301369863,-660.6739461899336,518.4242462043808,212
145,0.8053117275238038,0.03739049504483785,0.2602416515350342,0.02307458138777204,90,93,38,"{'neurons_hidden_3': 90, 'neurons_hidden_2': 93, 'neurons_hidden_1': 38}",-560.1407618517965,-509.07527060156013,-395.15929891911196,-570.3422481012442,-462.87859045292873,-499.51923398532824,64.83165833237992,164
146,0.832212495803833,0.01821494031132517,0.26925067901611327,0.01753430702779247,194,198,146,"{'neurons_hidden_3': 194, 'neurons_hidden_2': 198, 'neurons_hidden_1': 146}",-444.0320090625823,-365.66825654343984,-446.4975905800423,-376.8742760127918,-360.29652085432133,-398.6737306106355,38.42364577793648,78
147,0.801547622680664,0.029465621900026932,0.28198890686035155,0.0203455573398342,202,54,237,"{'neurons_hidden_3': 202, 'neurons_hidden_2': 54, 'neurons_hidden_1': 237}",-465.45212987528146,-429.58367311998467,-403.9770761686651,-387.2057717505312,-417.18781290140095,-420.6812927631727,26.440597543871647,124
148,0.854748010635376,0.028708106019219037,0.2720785140991211,0.0196981261244512,149,285,200,"{'neurons_hidden_3': 149, 'neurons_hidden_2': 285, 'neurons_hidden_1': 200}",-345.4255153658929,-346.43613030465957,-310.42456705837515,-357.4330966789602,-322.66534174527106,-336.47693023063175,17.250561484170195,5
149,0.8312236309051514,0.02857951114690185,0.2966780185699463,0.039588570950527674,123,190,59,"{'neurons_hidden_3': 123, 'neurons_hidden_2': 190, 'neurons_hidden_1': 59}",-439.9924267845112,-449.72598307137616,-441.9667256184282,-394.75559510446874,-399.7060816009838,-425.2293624359536,23.144157698096212,127
150,0.8547319889068603,0.03307867764192725,0.27273130416870117,0.019451647383051936,221,195,228,"{'neurons_hidden_3': 221, 'neurons_hidden_2': 195, 'neurons_hidden_1': 228}",-418.038791983792,-370.6703600746469,-325.4753131561199,-388.6230374406275,-312.14577881686427,-362.9906562944101,39.34182657870387,36
151,0.814359188079834,0.027711788742596638,0.30029888153076173,0.016188293982803362,52,126,52,"{'neurons_hidden_3': 52, 'neurons_hidden_2': 126, 'neurons_hidden_1': 52}",-531.1959063075021,-487.3643194694261,-412.2690492648825,-595.2825586169804,-401.45975726023863,-485.514318183806,72.89627595030368,157
152,0.7912745952606202,0.03513674976660786,0.2689377784729004,0.038502399525580724,74,206,173,"{'neurons_hidden_3': 74, 'neurons_hidden_2': 206, 'neurons_hidden_1': 173}",-465.2880597232834,-368.0948162000178,-394.3747589560238,-1583.0650684931506,-390.2730483414711,-640.2191503427894,472.55126362179095,193
153,0.7686934471130371,0.01277885387689626,0.27341737747192385,0.02298242998089927,37,36,278,"{'neurons_hidden_3': 37, 'neurons_hidden_2': 36, 'neurons_hidden_1': 278}",-486.6910642287373,-464.39315236572173,-371.65509189446095,-434.6046485420126,-413.3846476091154,-434.1457209280096,40.03056759049617,132
154,0.784607219696045,0.03884592719648918,0.24586968421936034,0.009766639146449043,51,57,118,"{'neurons_hidden_3': 51, 'neurons_hidden_2': 57, 'neurons_hidden_1': 118}",-517.7500647651536,-472.9978493944144,-405.2292482959888,-532.528636896527,-458.80514187598044,-477.46218824561294,45.25713220225175,154
155,0.8284745693206788,0.05734533767418168,0.265125036239624,0.01807021860372207,171,257,86,"{'neurons_hidden_3': 171, 'neurons_hidden_2': 257, 'neurons_hidden_1': 86}",-423.0900010048402,-373.0042109006121,-394.5303685596885,-376.19498750028026,-371.8904265387738,-387.7419989008389,19.48009973867544,57
156,0.8045189857482911,0.03750250899579148,0.2547293663024902,0.02160273371513064,230,117,46,"{'neurons_hidden_3': 230, 'neurons_hidden_2': 117, 'neurons_hidden_1': 46}",-421.0267927827557,-391.27339892084274,-381.99522088564754,-443.6841749522405,-1695.11301369863,-666.6185202480234,514.7118223527915,218
157,0.776123046875,0.02043844499112057,0.27092642784118653,0.025194253067072854,189,89,48,"{'neurons_hidden_3': 189, 'neurons_hidden_2': 89, 'neurons_hidden_1': 48}",-443.3237046951313,-438.43256828953906,-340.28941651721044,-438.51464048901505,-484.5533293956548,-429.0227318773101,47.624379658895755,129
158,0.8348235130310059,0.01033365143272837,0.2517427444458008,0.009396265595460094,139,278,257,"{'neurons_hidden_3': 139, 'neurons_hidden_2': 278, 'neurons_hidden_1': 257}",-360.1213954649661,-345.0694357673562,-289.02343957944805,-361.1674980385144,-297.46003065400765,-330.56835990085847,31.119486618955975,2
159,0.7867041110992432,0.012003997149373367,0.27525901794433594,0.024855087900913946,146,124,50,"{'neurons_hidden_3': 146, 'neurons_hidden_2': 124, 'neurons_hidden_1': 50}",-470.18561702226873,-410.2583338546724,-355.18253647380624,-509.67446128771616,-401.2366150837376,-429.3075127444402,54.36032458784743,130
160,0.8384379863739013,0.04260612025754296,0.2580718517303467,0.015067405421438147,270,151,105,"{'neurons_hidden_3': 270, 'neurons_hidden_2': 151, 'neurons_hidden_1': 105}",-402.40223917611183,-402.46482004996085,-1905.8561643835617,-398.0488746784331,-402.7143279454232,-702.297285246698,601.7819480561889,251
161,0.8229994297027587,0.030580672096386378,0.26999478340148925,0.016584590202331734,219,234,211,"{'neurons_hidden_3': 219, 'neurons_hidden_2': 234, 'neurons_hidden_1': 211}",-576.7646997494377,-362.69290404371463,-316.1483446926836,-360.0649503274573,-317.8704997170072,-386.7082797060601,97.08284343919705,56
162,0.8263808727264405,0.03889068371514839,0.27554831504821775,0.03182671667831726,299,115,101,"{'neurons_hidden_3': 299, 'neurons_hidden_2': 115, 'neurons_hidden_1': 101}",-476.15914584371905,-438.4099847519306,-421.6434983159934,-394.4281997798875,-366.04709279159573,-419.3375842966253,37.571578292887125,122
163,0.83799729347229,0.030520496541266002,0.277571964263916,0.027716454924540324,68,281,254,"{'neurons_hidden_3': 68, 'neurons_hidden_2': 281, 'neurons_hidden_1': 254}",-370.1886597776754,-343.2526964470248,-348.39955130301496,-380.19958447682353,-315.5691060042165,-351.52191960175105,22.545907355602758,21
164,0.8595715999603272,0.04090249676643465,0.28236021995544436,0.034971399440680236,229,150,235,"{'neurons_hidden_3': 229, 'neurons_hidden_2': 150, 'neurons_hidden_1': 235}",-390.61048696316635,-354.1134770030899,-1905.8561643835617,-370.62214036498955,-357.79834761244007,-675.8001232654494,615.1604704293956,229
165,0.8583458423614502,0.0594161243597404,0.2836864471435547,0.03739879345638187,297,174,281,"{'neurons_hidden_3': 297, 'neurons_hidden_2': 174, 'neurons_hidden_1': 281}",-374.50815883629906,-1754.8458904109589,-294.88099415629017,-354.9349950336533,-351.897042840187,-626.2134162554777,564.9406033928195,180
166,0.8310310363769531,0.02820800397947781,0.2731954097747803,0.03866358993211547,295,195,45,"{'neurons_hidden_3': 295, 'neurons_hidden_2': 195, 'neurons_hidden_1': 45}",-1793.4052905843912,-435.9641110053993,-452.79249877963514,-406.3031369535717,-412.95373143854584,-700.2837537523085,546.8116008081997,249
167,0.8321707248687744,0.027562770442909754,0.28416876792907714,0.026623697671244347,171,297,81,"{'neurons_hidden_3': 171, 'neurons_hidden_2': 297, 'neurons_hidden_1': 81}",-1793.4075342465753,-399.67805980634995,-471.4304580517058,-720.025184439329,-359.73601317458576,-748.8554499437093,537.0705080362262,271
168,0.8774751663208008,0.055154423942226596,0.2640720844268799,0.025930265700194848,119,299,277,"{'neurons_hidden_3': 119, 'neurons_hidden_2': 299, 'neurons_hidden_1': 277}",-364.7684158655341,-354.6449096616018,-1905.8561643835617,-390.17990508644635,-331.7528555344504,-669.4404501063188,618.492435325855,223
169,0.7930967330932617,0.0374680629747331,0.275362491607666,0.027915484919129353,43,27,215,"{'neurons_hidden_3': 43, 'neurons_hidden_2': 27, 'neurons_hidden_1': 215}",-459.6701362602769,-458.94580035730337,-1905.8561643835617,-1583.0650684931506,-1695.11301369863,-1220.5300366385845,630.1191775787692,299
170,0.8278938293457031,0.03242747725266079,0.2451479911804199,0.006458227686303224,158,115,122,"{'neurons_hidden_3': 158, 'neurons_hidden_2': 115, 'neurons_hidden_1': 122}",-423.9746358880282,-427.95349766266725,-372.02686200774366,-399.2978171584072,-398.37296068618184,-404.32515468060564,20.239976034027322,92
171,0.8879115104675293,0.09773987589837221,0.26619930267333985,0.0434241310263915,230,185,214,"{'neurons_hidden_3': 230, 'neurons_hidden_2': 185, 'neurons_hidden_1': 214}",-367.2453962618421,-349.3180237885049,-293.30727923940736,-356.1925149808315,-366.4069206960915,-346.49402699333547,27.41535491624316,18
172,0.8139662265777587,0.03751364951853486,0.26106820106506345,0.03965240367492207,21,251,129,"{'neurons_hidden_3': 21, 'neurons_hidden_2': 251, 'neurons_hidden_1': 129}",-431.6718883141402,-394.2702975227304,-395.85464488078964,-1583.0650684931506,-401.1607240080878,-641.2045246437798,471.1261639931905,194
173,0.8162236690521241,0.03870435844895665,0.2734354496002197,0.029762736150025625,111,225,267,"{'neurons_hidden_3': 111, 'neurons_hidden_2': 225, 'neurons_hidden_1': 267}",-377.4957697458963,-331.7187870960131,-313.33582769543824,-364.12238111456713,-341.1747880911344,-345.5695107486098,22.863339513233342,17
174,0.8343645572662354,0.052069491626105746,0.2651812553405762,0.034890559904031414,105,178,95,"{'neurons_hidden_3': 105, 'neurons_hidden_2': 178, 'neurons_hidden_1': 95}",-437.92595708108774,-420.0623487476991,-370.16510417062364,-396.47966404943475,-382.57421889744927,-401.4414585892589,24.644101382913792,83
175,0.7646573066711426,0.024448138787213886,0.269883918762207,0.025396148494015214,53,243,56,"{'neurons_hidden_3': 53, 'neurons_hidden_2': 243, 'neurons_hidden_1': 56}",-400.53793841965705,-421.67134248327943,-363.0838963168048,-1583.0650684931506,-388.8244282751922,-631.4365347976168,476.19034779599565,182
176,0.790339994430542,0.03415673102907915,0.26453437805175783,0.029339372111981468,228,39,77,"{'neurons_hidden_3': 228, 'neurons_hidden_2': 39, 'neurons_hidden_1': 77}",-533.4115286688217,-1754.8458904109589,-1905.8554572261653,-479.614152686891,-542.6787647411113,-1043.2811587467895,644.7711342834879,292
177,0.8236632823944092,0.03070911647481453,0.29882049560546875,0.042189131497766964,59,265,238,"{'neurons_hidden_3': 59, 'neurons_hidden_2': 265, 'neurons_hidden_1': 238}",-376.45233834338234,-432.28593883264443,-365.20083286709394,-342.52068700643355,-334.5623032486523,-370.20442005964134,34.510685033380376,41
178,0.836681604385376,0.03819699528732365,0.27979650497436526,0.034896702029644774,254,53,227,"{'neurons_hidden_3': 254, 'neurons_hidden_2': 53, 'neurons_hidden_1': 227}",-444.48078752631454,-1754.8458904109589,-377.455493403613,-389.5711440422865,-415.84617657258747,-676.4398983911522,539.6960176314262,230
179,0.8348549365997314,0.03201671244046333,0.291632080078125,0.02741913420338415,262,151,281,"{'neurons_hidden_3': 262, 'neurons_hidden_2': 151, 'neurons_hidden_1': 281}",-1793.4075342465753,-349.68390388049505,-289.98632710435214,-363.7541660767531,-331.2573320351198,-625.6178526686591,584.4213397728486,178
180,0.7936730861663819,0.02416471730441529,0.26510396003723147,0.024922829491830865,96,150,94,"{'neurons_hidden_3': 96, 'neurons_hidden_2': 150, 'neurons_hidden_1': 94}",-454.44911597226866,-411.84119753896607,-1905.8561643835617,-385.16237289839114,-378.77214508210426,-707.2161991750584,599.9115801225822,254
181,0.7828297138214111,0.029539820622527517,0.2708718299865723,0.02785535320803871,83,31,194,"{'neurons_hidden_3': 83, 'neurons_hidden_2': 31, 'neurons_hidden_1': 194}",-1793.4075342465753,-525.0588936863231,-393.1153018050881,-525.9030450180568,-465.23303869479514,-740.5435626901677,528.6830842930418,270
182,0.8092687129974365,0.04499076543736399,0.25913615226745607,0.020154868207233122,80,189,193,"{'neurons_hidden_3': 80, 'neurons_hidden_2': 189, 'neurons_hidden_1': 193}",-418.5077208165065,-435.64679552377544,-396.38205635243315,-1583.0650684931506,-393.4653290138889,-645.4133940399508,469.0785238357713,198
183,0.7898648262023926,0.030871236289452063,0.25560998916625977,0.019532854398590347,35,250,127,"{'neurons_hidden_3': 35, 'neurons_hidden_2': 250, 'neurons_hidden_1': 127}",-440.90733922997913,-427.90782624070897,-1905.8561643835617,-396.9629424361299,-390.631787989866,-712.4532120560492,596.995307096217,257
184,0.8292185306549072,0.039209000212177776,0.2629374027252197,0.03301788269674109,136,267,98,"{'neurons_hidden_3': 136, 'neurons_hidden_2': 267, 'neurons_hidden_1': 98}",-419.5768819451947,-420.1281526424579,-1640.5420884506395,-359.9158194253851,-351.92162569783824,-638.4169136323031,501.8840938167059,192
185,0.7926549434661865,0.027850253344888377,0.2722028255462646,0.028264884878673513,216,183,118,"{'neurons_hidden_3': 216, 'neurons_hidden_2': 183, 'neurons_hidden_1': 118}",-1793.4075342465753,-423.68132726929696,-381.40316283889155,-378.58503914847216,-354.45381423962135,-666.3061755485716,563.9910219175146,217
186,0.8590261936187744,0.029314164001967,0.2573723316192627,0.021048465227657416,189,253,266,"{'neurons_hidden_3': 189, 'neurons_hidden_2': 253, 'neurons_hidden_1': 266}",-379.2693858924495,-319.26697492653676,-310.7680903621248,-364.2419858710819,-317.764103635799,-338.2621081375984,27.90503597421112,6
187,0.8105185508728028,0.03609744101384941,0.2737908363342285,0.032542560988518016,242,133,227,"{'neurons_hidden_3': 242, 'neurons_hidden_2': 133, 'neurons_hidden_1': 227}",-386.0259623901556,-438.8554646210274,-319.4653638973712,-370.36277536787964,-357.272158282856,-374.3963449118579,39.03113178619719,45
188,0.8350056171417236,0.03325233865885653,0.27469682693481445,0.03250412648610094,166,259,198,"{'neurons_hidden_3': 166, 'neurons_hidden_2': 259, 'neurons_hidden_1': 198}",-1793.4075342465753,-348.6976275265109,-294.68273765367206,-349.29112412570714,-318.4174175993914,-620.8992882303713,586.6093837989328,176
189,0.8406477451324463,0.06145647189257058,0.269853401184082,0.03579937763520536,298,235,90,"{'neurons_hidden_3': 298, 'neurons_hidden_2': 235, 'neurons_hidden_1': 90}",-385.9562472827009,-353.98479378744787,-406.1638175757106,-378.44234472342634,-400.4107186784673,-384.9915844095505,18.39161405887576,51
190,0.8532175540924072,0.03107448457044694,0.2667106628417969,0.031495624801490804,187,233,67,"{'neurons_hidden_3': 187, 'neurons_hidden_2': 233, 'neurons_hidden_1': 67}",-439.9730346383909,-410.24125125505776,-446.2911380532633,-370.06056043092616,-377.7688258647964,-408.8669620484869,31.12258425333905,103
191,0.7999507904052734,0.04198323494393092,0.2780906677246094,0.030748363935905083,113,38,90,"{'neurons_hidden_3': 113, 'neurons_hidden_2': 38, 'neurons_hidden_1': 90}",-1793.4075342465753,-458.1918202344434,-398.57684773901525,-565.5739492515119,-437.6171985041068,-730.6734699951305,534.2430041283861,268
192,0.83553466796875,0.021816310868840255,0.259791898727417,0.013236788275466493,205,240,73,"{'neurons_hidden_3': 205, 'neurons_hidden_2': 240, 'neurons_hidden_1': 73}",-437.64108174804926,-384.1768750050539,-405.94101553339766,-359.44116994177074,-383.6700758320033,-394.17404361205496,26.246882729919545,69
193,0.8163205146789551,0.02531162780674673,0.2849581241607666,0.020962922644517795,157,275,121,"{'neurons_hidden_3': 157, 'neurons_hidden_2': 275, 'neurons_hidden_1': 121}",-457.26910403081723,-371.5734542890521,-368.86433132141246,-367.8223620758524,-348.55515057073075,-382.816880457573,38.11278937769576,50
194,0.8518487453460694,0.027945265936506807,0.2692391872406006,0.025653889306366747,266,96,237,"{'neurons_hidden_3': 266, 'neurons_hidden_2': 96, 'neurons_hidden_1': 237}",-425.66993274525896,-390.4827743408158,-347.8960982935023,-373.124334982105,-340.3532891668709,-375.5052859057106,30.80394778269321,46
195,0.8119978904724121,0.041867218745346046,0.2863313674926758,0.03261247442013877,34,231,63,"{'neurons_hidden_3': 34, 'neurons_hidden_2': 231, 'neurons_hidden_1': 63}",-531.2948268512225,-481.7743391010922,-352.76619281522545,-493.5614386192108,-404.0845837234169,-452.69627622203353,64.87271478337718,139
196,0.8135665893554688,0.03588337047536717,0.2728855609893799,0.03047060171240654,96,21,150,"{'neurons_hidden_3': 96, 'neurons_hidden_2': 21, 'neurons_hidden_1': 150}",-475.0156840533726,-468.2700530168619,-385.61410621001835,-569.5526032664098,-428.76588096782416,-465.4436655028973,61.08404266754648,148
197,0.8670395374298095,0.05179103625379921,0.26255435943603517,0.025270693314682582,253,131,230,"{'neurons_hidden_3': 253, 'neurons_hidden_2': 131, 'neurons_hidden_1': 230}",-385.5460720550609,-381.645647857843,-315.1642512588795,-363.8776087981407,-352.30969831854924,-359.7086556576947,25.318500809167872,32
198,0.8365651130676269,0.018469286211491746,0.28172125816345217,0.020653820237211077,157,113,97,"{'neurons_hidden_3': 157, 'neurons_hidden_2': 113, 'neurons_hidden_1': 97}",-430.7878413175944,-405.34961520801403,-379.7998289935558,-387.94419465306396,-401.4242375643277,-401.0611435473112,17.471675544283844,82
199,0.848357105255127,0.030558456659258562,0.2908944606781006,0.02027263860121435,65,266,116,"{'neurons_hidden_3': 65, 'neurons_hidden_2': 266, 'neurons_hidden_1': 116}",-461.237840641601,-397.56989261753813,-427.37278731171034,-369.415004525683,-386.60297234020425,-408.4396994873474,32.44696501876936,100
200,0.8567689895629883,0.043025604221153944,0.28329033851623536,0.031239150697210817,196,46,266,"{'neurons_hidden_3': 196, 'neurons_hidden_2': 46, 'neurons_hidden_1': 266}",-461.19969488291247,-407.08743007066295,-397.4461016059147,-390.9222442211419,-382.4353206143292,-407.8181582789922,27.88355190179528,98
201,0.819603681564331,0.028942635259366717,0.28221826553344725,0.030185412319896108,150,60,129,"{'neurons_hidden_3': 150, 'neurons_hidden_2': 60, 'neurons_hidden_1': 129}",-466.6077317600824,-406.845958777575,-377.48463613238124,-433.9946611315531,-388.34050702775863,-414.6546989658701,32.274381310309025,116
202,0.8399508476257325,0.027917635582191094,0.27065157890319824,0.02065254095159982,24,271,52,"{'neurons_hidden_3': 24, 'neurons_hidden_2': 271, 'neurons_hidden_1': 52}",-450.23915906607687,-406.02972848357734,-361.5427257425472,-448.8778157245373,-442.6390246515109,-421.8656907336499,34.22244237193202,125
203,0.8614181518554688,0.02905904287953655,0.29221882820129397,0.03442360564868949,288,185,77,"{'neurons_hidden_3': 288, 'neurons_hidden_2': 185, 'neurons_hidden_1': 77}",-465.1706329868743,-396.478529732794,-362.33255608198897,-383.9122357277055,-1487.7432147847585,-619.1274338628243,435.66923338723365,175
204,0.8443699359893799,0.024951739433471617,0.2945408821105957,0.02741724914565805,48,70,138,"{'neurons_hidden_3': 48, 'neurons_hidden_2': 70, 'neurons_hidden_1': 138}",-481.12005402313963,-486.7426376980227,-365.9633801664191,-430.91967626562416,-438.31606190494585,-440.6123620116303,43.45242706381158,135
205,0.8162744522094727,0.04062919204189413,0.28905906677246096,0.032065326865655476,253,31,143,"{'neurons_hidden_3': 253, 'neurons_hidden_2': 31, 'neurons_hidden_1': 143}",-438.14982889780856,-460.6645133222937,-367.5875941235826,-539.7486639904904,-1695.11301369863,-700.252722806561,500.45480839955314,248
206,0.7973045825958252,0.005067338160932118,0.24869136810302733,0.016073380038712632,236,95,178,"{'neurons_hidden_3': 236, 'neurons_hidden_2': 95, 'neurons_hidden_1': 178}",-424.43147251442826,-390.86599313707154,-371.444171190383,-398.02010154214906,-394.7969247445416,-395.91173262571476,16.989317991011745,72
207,0.8468745231628418,0.048787579976944724,0.2507609844207764,0.01662529758507596,208,234,212,"{'neurons_hidden_3': 208, 'neurons_hidden_2': 234, 'neurons_hidden_1': 212}",-370.6459214986322,-361.5126922684457,-300.5438336507435,-358.73898834113777,-335.4817084607924,-345.38462884395034,25.240249601239817,16
208,0.8078085899353027,0.06351074733622647,0.25543713569641113,0.026019185758823137,120,153,29,"{'neurons_hidden_3': 120, 'neurons_hidden_2': 153, 'neurons_hidden_1': 29}",-594.010878820391,-527.7112136868099,-428.61753909730373,-540.2261993709768,-464.4877910940662,-511.01072441390954,58.26576398146717,166
209,0.7844712734222412,0.009186454705952498,0.26261272430419924,0.025257203409263948,285,132,111,"{'neurons_hidden_3': 285, 'neurons_hidden_2': 132, 'neurons_hidden_1': 111}",-429.96875899456444,-1754.8458904109589,-401.92235576070925,-374.3336876465755,-386.50061555772766,-669.514261674107,542.9844409321979,224
210,0.8141190052032471,0.021681078260850632,0.26485433578491213,0.018871964710104067,24,241,216,"{'neurons_hidden_3': 24, 'neurons_hidden_2': 241, 'neurons_hidden_1': 216}",-434.4001255659858,-424.8770832195911,-391.3907778776256,-1583.0650684931506,-396.61845858509855,-646.0703027482903,468.78092500695675,199
211,0.8233388900756836,0.042646649142520705,0.26423187255859376,0.0078003315752544836,299,61,166,"{'neurons_hidden_3': 299, 'neurons_hidden_2': 61, 'neurons_hidden_1': 166}",-440.7921168107424,-412.9041877841335,-419.63811567192687,-386.99170480533104,-400.0064914601156,-412.06652330644994,18.206489534770967,112
212,0.8581623554229736,0.03250866881894701,0.2590767860412598,0.014414079001859268,139,60,258,"{'neurons_hidden_3': 139, 'neurons_hidden_2': 60, 'neurons_hidden_1': 258}",-461.43726806505083,-405.2751619085841,-397.14011795888854,-390.0094673757203,-379.76447975041674,-406.7252990117321,28.61357354001709,96
213,0.8217451095581054,0.03544408380296938,0.2840868473052979,0.015376813518064953,68,80,180,"{'neurons_hidden_3': 68, 'neurons_hidden_2': 80, 'neurons_hidden_1': 180}",-1793.4075342465753,-1678.1109568964225,-409.3790275789949,-1583.0650684931506,-411.15262808621287,-1175.023043060271,627.9655869268721,298
214,0.8305505752563477,0.013697122927910334,0.26201977729797366,0.013740445619033842,206,162,238,"{'neurons_hidden_3': 206, 'neurons_hidden_2': 162, 'neurons_hidden_1': 238}",-380.3075420510264,-379.51770401942133,-372.31992005223765,-356.76435763592497,-359.7284052554068,-369.72758580280345,9.823756734533303,40
215,0.8189527034759522,0.02338131827480044,0.26872868537902833,0.019922267521777087,296,96,280,"{'neurons_hidden_3': 296, 'neurons_hidden_2': 96, 'neurons_hidden_1': 280}",-1793.4075342465753,-387.20885840379447,-349.93084559775053,-367.99914309510297,-358.2108857785944,-651.3514534243635,571.1633232689874,203
216,0.821118974685669,0.030548777328223985,0.25963239669799804,0.02093519650528034,258,165,28,"{'neurons_hidden_3': 258, 'neurons_hidden_2': 165, 'neurons_hidden_1': 28}",-422.5205353001938,-389.7005795990081,-378.11149761310685,-444.3902325223752,-409.6960957140826,-408.8837881497533,23.504287539014534,104
217,0.8158374786376953,0.03434292674493688,0.2829128742218018,0.02049928903992534,185,84,234,"{'neurons_hidden_3': 185, 'neurons_hidden_2': 84, 'neurons_hidden_1': 234}",-1793.4075342465753,-475.39624040207326,-410.5553386794533,-388.50163736478714,-384.3809111853232,-690.4483323756424,552.4410491837585,242
218,0.8375499248504639,0.03346998360782473,0.26622591018676756,0.02358095738102609,279,118,25,"{'neurons_hidden_3': 279, 'neurons_hidden_2': 118, 'neurons_hidden_1': 25}",-467.06528329758544,-468.88355265908984,-375.6407165010413,-529.4465411628223,-466.8163201665018,-461.5704827574082,49.19812327317963,146
219,0.8272546291351318,0.019803702518799184,0.2748871803283691,0.020981813629906733,180,230,69,"{'neurons_hidden_3': 180, 'neurons_hidden_2': 230, 'neurons_hidden_1': 69}",-450.9331081321669,-1754.8458904109589,-434.52337670090805,-380.8169587828389,-407.1627285418967,-685.6564125137539,535.128918206756,236
220,0.8301346302032471,0.025923502018840524,0.2625260353088379,0.016428854914049384,124,97,94,"{'neurons_hidden_3': 124, 'neurons_hidden_2': 97, 'neurons_hidden_1': 94}",-435.1549955877432,-1754.8458904109589,-368.00176365322386,-421.4375346926066,-380.7456757505054,-672.0371720190076,541.9734919169107,227
221,0.8343942642211915,0.04029987792108642,0.2865705966949463,0.032730312732430634,181,92,56,"{'neurons_hidden_3': 181, 'neurons_hidden_2': 92, 'neurons_hidden_1': 56}",-524.6093798244276,-1754.8458904109589,-403.5170768048663,-467.95618649501,-451.5102713716867,-720.48776098139,518.624446160871,265
222,0.9055064678192138,0.04094260712595354,0.26672821044921874,0.023502008373499875,238,180,241,"{'neurons_hidden_3': 238, 'neurons_hidden_2': 180, 'neurons_hidden_1': 241}",-378.8466588457106,-402.83164476470347,-299.1269929865712,-359.1405249821328,-328.7371729150274,-353.73659889882913,36.5437311002415,24
223,0.7857749938964844,0.02503243634929083,0.2733164310455322,0.025779588933118484,216,158,140,"{'neurons_hidden_3': 216, 'neurons_hidden_2': 158, 'neurons_hidden_1': 140}",-410.72846824534497,-417.18559060065786,-391.0162001496428,-376.9275644737341,-336.1065820691205,-386.3928811077,28.913979069626066,55
224,0.8141091346740723,0.024179955248254847,0.2613222599029541,0.02217805372639799,288,160,179,"{'neurons_hidden_3': 288, 'neurons_hidden_2': 160, 'neurons_hidden_1': 179}",-412.70815458020013,-347.85183253620806,-334.3035446689133,-350.3401332915718,-339.37927503149575,-356.9165880216778,28.48517342222838,29
225,0.8080282211303711,0.03259708766006243,0.2728987693786621,0.029807425849576786,36,141,203,"{'neurons_hidden_3': 36, 'neurons_hidden_2': 141, 'neurons_hidden_1': 203}",-429.1028851639205,-408.649610990632,-360.6672492718386,-383.3003374598131,-378.4574444291112,-392.03550546306315,24.060978942402787,65
226,0.8201724052429199,0.011781155497542098,0.26584315299987793,0.02057354297643979,198,252,31,"{'neurons_hidden_3': 198, 'neurons_hidden_2': 252, 'neurons_hidden_1': 31}",-384.32376699647654,-415.4960560287337,-386.61029269052983,-407.87507465049555,-1695.11301369863,-657.8836408129731,518.7533190935719,209
227,0.8068963527679444,0.021559588510550953,0.2577661991119385,0.022184950257140502,201,298,57,"{'neurons_hidden_3': 201, 'neurons_hidden_2': 298, 'neurons_hidden_1': 57}",-451.05143758769213,-407.87090361116964,-358.1584644065994,-350.64708065715905,-417.2899031587702,-397.00355788427805,37.70589496717035,74
228,0.8206447124481201,0.030476584267090004,0.25551977157592776,0.016238478704582716,165,136,53,"{'neurons_hidden_3': 165, 'neurons_hidden_2': 136, 'neurons_hidden_1': 53}",-1793.4075342465753,-414.17316446638245,-363.3984297874199,-1583.0650684931506,-368.20958104976205,-904.450755608658,643.6498850902008,276
229,0.8493123054504395,0.034479255498555496,0.269891357421875,0.01653406286239453,267,206,201,"{'neurons_hidden_3': 267, 'neurons_hidden_2': 206, 'neurons_hidden_1': 201}",-369.8984579876744,-336.4443642532873,-327.27129464716523,-1583.0650684931506,-330.39937081565256,-589.415711239386,497.0574477460198,171
230,0.8325075626373291,0.04377191051890187,0.2819314956665039,0.025031241995896257,55,208,72,"{'neurons_hidden_3': 55, 'neurons_hidden_2': 208, 'neurons_hidden_1': 72}",-429.0687930022269,-400.59511767912255,-361.83957559255435,-404.24175637296935,-384.1452831316435,-395.97810515570336,22.316152159479323,73
231,0.8326188087463379,0.04512707443074505,0.2920882225036621,0.020421455840605413,183,87,290,"{'neurons_hidden_3': 183, 'neurons_hidden_2': 87, 'neurons_hidden_1': 290}",-1793.4075342465753,-376.2714862831784,-426.6263235005854,-392.5567556211698,-362.4849774725668,-670.2694154248152,561.9771444094944,226
232,0.823565149307251,0.026220933974136173,0.25444793701171875,0.014072304331042585,206,174,285,"{'neurons_hidden_3': 206, 'neurons_hidden_2': 174, 'neurons_hidden_1': 285}",-369.6687157291612,-364.1349988176923,-294.466508725707,-376.78976609810377,-336.1388959337094,-348.23977706087476,30.215741171360417,20
233,0.8319109439849853,0.03990658507786817,0.2701407432556152,0.025722612197757455,216,229,106,"{'neurons_hidden_3': 216, 'neurons_hidden_2': 229, 'neurons_hidden_1': 106}",-451.14756709587806,-364.7987192901092,-325.881087925641,-396.43400382212275,-359.3416475113993,-379.52060512903006,42.23175770661891,49
234,0.8234662532806396,0.012712432112361826,0.27687487602233884,0.015530400025888425,252,292,195,"{'neurons_hidden_3': 252, 'neurons_hidden_2': 292, 'neurons_hidden_1': 195}",-376.164680224064,-355.3037164528545,-409.33366031575775,-406.67713389106706,-332.327122243652,-375.96126262547904,29.62396149962666,47
235,0.7937879085540771,0.03375704223624806,0.2602675914764404,0.016289196102438126,81,240,107,"{'neurons_hidden_3': 81, 'neurons_hidden_2': 240, 'neurons_hidden_1': 107}",-397.08950201032684,-401.72869198599153,-400.78098533722806,-374.6768763063667,-382.79538912079283,-391.4142889521412,10.777350052296253,63
236,0.7877762317657471,0.019404695602241576,0.2545156478881836,0.01406880939984249,81,109,96,"{'neurons_hidden_3': 81, 'neurons_hidden_2': 109, 'neurons_hidden_1': 96}",-419.87936160834766,-525.0212207315336,-404.48352575826857,-532.6598763911913,-382.3205120044457,-452.87289929875743,63.212477175019465,140
237,0.7992702960968018,0.0283513987019368,0.26457672119140624,0.022548435419865585,194,40,267,"{'neurons_hidden_3': 194, 'neurons_hidden_2': 40, 'neurons_hidden_1': 267}",-1793.4075342465753,-1714.42596469088,-390.0226045292342,-1583.0650684931506,-373.69685142644306,-1170.9236046772567,647.7836849195512,297
238,0.8312933921813965,0.03511819363632246,0.26558284759521483,0.02914650693835391,29,238,175,"{'neurons_hidden_3': 29, 'neurons_hidden_2': 238, 'neurons_hidden_1': 175}",-411.4352684721241,-400.0948306069024,-397.40877949668936,-389.66631346662405,-524.6263764606471,-424.64631370059743,50.47534779178855,126
239,0.8212246894836426,0.02331776008826759,0.29110016822814944,0.03922899529253287,233,118,198,"{'neurons_hidden_3': 233, 'neurons_hidden_2': 118, 'neurons_hidden_1': 198}",-1793.4075342465753,-395.2945633146668,-419.17990528734407,-1583.0650684931506,-359.1325261228572,-910.0159194929189,639.1723527226624,278
240,0.8302179336547851,0.030686312285526544,0.27036490440368655,0.014613266786470609,175,72,249,"{'neurons_hidden_3': 175, 'neurons_hidden_2': 72, 'neurons_hidden_1': 249}",-434.84979582462455,-408.38849068166087,-431.6668265348296,-390.35526408501306,-371.5195469058447,-407.35598480639453,24.171336432559947,97
241,0.8481982231140137,0.04225907439743335,0.28932628631591795,0.03991940365359363,103,200,160,"{'neurons_hidden_3': 103, 'neurons_hidden_2': 200, 'neurons_hidden_1': 160}",-434.1199617496623,-431.0678053672157,-444.19948881878054,-370.5052438344333,-396.7103173467585,-415.3205634233701,27.532306358722913,118
242,0.857255506515503,0.03391415199872916,0.2758787155151367,0.03003594089919103,151,90,171,"{'neurons_hidden_3': 151, 'neurons_hidden_2': 90, 'neurons_hidden_1': 171}",-473.0091208534938,-430.30661001855157,-423.17536591639777,-1583.0650684931506,-396.1426281682903,-661.1397586899768,461.62189889276925,213
243,0.8538542747497558,0.028696823255209534,0.28791217803955077,0.02875909232536928,287,262,278,"{'neurons_hidden_3': 287, 'neurons_hidden_2': 262, 'neurons_hidden_1': 278}",-334.6622586939041,-308.3038509123462,-287.361650937704,-1583.0650684931506,-315.32439667753226,-565.7434451429274,508.8856586549598,168
244,0.8757889747619629,0.05053861216139768,0.27149395942687987,0.013892779267361618,263,272,201,"{'neurons_hidden_3': 263, 'neurons_hidden_2': 272, 'neurons_hidden_1': 201}",-395.80244318085073,-342.0671196338061,-282.43177085052025,-380.1585923819132,-323.8619007348399,-344.86436535638603,40.465113849651594,14
245,0.852072286605835,0.020478805248430855,0.27143034934997556,0.01767256696752938,232,231,267,"{'neurons_hidden_3': 232, 'neurons_hidden_2': 231, 'neurons_hidden_1': 267}",-363.34351684137084,-347.35839832718193,-290.2828184449202,-356.753072051815,-335.4815081409812,-338.6438627612539,25.93357128143888,7
246,0.8639705657958985,0.028263797509536528,0.2875375747680664,0.027395542803588024,284,28,238,"{'neurons_hidden_3': 284, 'neurons_hidden_2': 28, 'neurons_hidden_1': 238}",-1793.4075342465753,-405.05080889249456,-423.7006270809411,-1583.0650684931506,-385.3764222553505,-918.1200921937025,632.4217647314682,280
247,0.817130708694458,0.032627161002580576,0.28235464096069335,0.03113334781848302,184,62,207,"{'neurons_hidden_3': 184, 'neurons_hidden_2': 62, 'neurons_hidden_1': 207}",-418.15825587791016,-413.3641568823784,-415.61464069829196,-399.7415381023172,-376.1459643478832,-404.60491118175617,15.589712853846505,93
248,0.8653351783752441,0.04479125845668591,0.27713875770568847,0.027275460952311394,29,21,251,"{'neurons_hidden_3': 29, 'neurons_hidden_2': 21, 'neurons_hidden_1': 251}",-521.4061728810536,-487.60751466066694,-382.94363153491963,-599.9475997405231,-451.9645549892817,-488.773894761289,72.08438222756476,160
249,0.8112660884857178,0.033554533682825724,0.28236141204833987,0.02253911357486654,24,51,58,"{'neurons_hidden_3': 24, 'neurons_hidden_2': 51, 'neurons_hidden_1': 58}",-1225.380439341847,-480.44296740281254,-583.4444185343505,-440.73955445167195,-433.7836131563825,-632.7581985774129,301.0963115462975,184
250,0.8684364318847656,0.05558219336592278,0.2611032485961914,0.027427643013414802,232,259,181,"{'neurons_hidden_3': 232, 'neurons_hidden_2': 259, 'neurons_hidden_1': 181}",-362.5675440342856,-334.42464209694595,-306.5932633090616,-1583.059126109699,-329.949898473536,-583.3188948047057,500.1865574795484,170
251,0.8140086174011231,0.028227331954860813,0.2719890117645264,0.025907034267416484,231,126,173,"{'neurons_hidden_3': 231, 'neurons_hidden_2': 126, 'neurons_hidden_1': 173}",-1793.4075342465753,-383.7161152584497,-396.3206095555832,-389.17577473387064,-424.3754480949899,-677.3990963778939,558.1797725245019,232
252,0.8285537719726562,0.02609934986797533,0.27587332725524905,0.029491291479674074,249,62,164,"{'neurons_hidden_3': 249, 'neurons_hidden_2': 62, 'neurons_hidden_1': 164}",-439.82463048476694,-409.77322938543256,-449.2205067414048,-401.6915697275505,-400.20592520732646,-420.1431723092962,20.387949135081577,123
253,0.8384062767028808,0.034156932619597645,0.2881577491760254,0.03574951129221787,292,114,262,"{'neurons_hidden_3': 292, 'neurons_hidden_2': 114, 'neurons_hidden_1': 262}",-424.59423412854875,-363.189332750031,-346.5183907647821,-365.97009656768284,-326.101655127763,-365.2747418677615,32.893665173897226,37
254,0.7999006271362304,0.025700585870437623,0.2633682727813721,0.026675300758367222,25,213,76,"{'neurons_hidden_3': 25, 'neurons_hidden_2': 213, 'neurons_hidden_1': 76}",-441.1744633602108,-420.11047661012026,-367.80647068107623,-646.6805564807662,-1695.1108721978987,-714.1765678660145,499.5528160831478,261
255,0.7967549324035644,0.016054495710174737,0.26299004554748534,0.02416961870850382,181,79,200,"{'neurons_hidden_3': 181, 'neurons_hidden_2': 79, 'neurons_hidden_1': 200}",-436.8999391904247,-416.19007243967815,-356.85938205690326,-372.62089056521995,-357.95653237551153,-388.1053633255475,32.5413391538155,58
256,0.8152866363525391,0.015820553444394012,0.26057920455932615,0.029378132293421323,103,102,292,"{'neurons_hidden_3': 103, 'neurons_hidden_2': 102, 'neurons_hidden_1': 292}",-429.9901313347887,-372.88607066458474,-404.3587661397265,-368.52823736048344,-1695.110450172156,-654.1747311343479,520.9474353975489,205
257,0.8203372001647949,0.0460808076435218,0.27008748054504395,0.026715767888052935,205,22,92,"{'neurons_hidden_3': 205, 'neurons_hidden_2': 22, 'neurons_hidden_1': 92}",-538.6746996760515,-425.444526363134,-418.51451266735626,-439.29989225310317,-496.9290110449877,-463.7725284009266,46.53154038160991,147
258,0.8669923782348633,0.04301089210445975,0.24953603744506836,0.006978763177317611,135,184,236,"{'neurons_hidden_3': 135, 'neurons_hidden_2': 184, 'neurons_hidden_1': 236}",-448.6776221596227,-1754.8458904109589,-358.3641036091183,-1583.0650684931506,-337.8997266222614,-896.5704822590224,634.0817970133435,275
259,0.8151186943054199,0.012142196394636639,0.25789775848388674,0.021286843018578496,122,272,105,"{'neurons_hidden_3': 122, 'neurons_hidden_2': 272, 'neurons_hidden_1': 105}",-393.7295851406783,-405.4460940705452,-393.53604249086203,-404.76036581105234,-401.8765459305061,-399.8697266887288,5.23179589470687,79
260,0.7996819019317627,0.02197931206974935,0.2553050994873047,0.020118045476754037,74,101,104,"{'neurons_hidden_3': 74, 'neurons_hidden_2': 101, 'neurons_hidden_1': 104}",-569.3356343750372,-392.3704579586543,-354.07190473246015,-477.92077354792195,-1695.11301369863,-697.7623568625407,504.166523342445,246
261,0.8140917301177979,0.028306633166419702,0.2612451553344727,0.02027875444030329,49,35,91,"{'neurons_hidden_3': 49, 'neurons_hidden_2': 35, 'neurons_hidden_1': 91}",-1793.4075342465753,-420.3583571216639,-406.7209384263948,-445.11813680578587,-443.842538380248,-701.8895009961336,545.9515822113024,250
262,0.8425358772277832,0.03377473166817104,0.25742855072021487,0.026746088861604334,104,285,230,"{'neurons_hidden_3': 104, 'neurons_hidden_2': 285, 'neurons_hidden_1': 230}",-380.1729551508709,-341.6644176806309,-1905.8561643835617,-348.7511676576194,-310.8488260852304,-657.4587061915828,624.587605919551,208
263,0.807086992263794,0.015605711739073217,0.2558905601501465,0.016135042321405803,267,81,197,"{'neurons_hidden_3': 267, 'neurons_hidden_2': 81, 'neurons_hidden_1': 197}",-473.7374916025883,-427.1647104952658,-431.01352003326133,-382.90516607536966,-446.5392094922151,-432.27201953974,29.623277098224797,131
264,0.7919712066650391,0.02024375443916957,0.2527946472167969,0.012251449985507862,20,122,96,"{'neurons_hidden_3': 20, 'neurons_hidden_2': 122, 'neurons_hidden_1': 96}",-436.13623847040725,-698.1602871458485,-385.66802155175145,-600.2048368817091,-423.447462910121,-508.7233693919675,119.9489017340036,165
265,0.8010221481323242,0.01784765239633455,0.2608304023742676,0.01314228128665728,160,68,39,"{'neurons_hidden_3': 160, 'neurons_hidden_2': 68, 'neurons_hidden_1': 39}",-482.3469210194293,-1754.8458904109589,-394.80786198158177,-562.5973788925688,-458.51508839828165,-730.6226281405641,514.921483813245,267
266,0.819952917098999,0.016670101204987436,0.2582410335540771,0.007087265935126288,219,293,205,"{'neurons_hidden_3': 219, 'neurons_hidden_2': 293, 'neurons_hidden_1': 205}",-359.5772146199629,-361.365411883277,-1905.8561643835617,-356.2290277043383,-341.5647791020037,-664.9185195386287,620.507998961047,215
267,0.8238364696502686,0.03269241840870627,0.25783672332763674,0.010233253484854817,57,274,266,"{'neurons_hidden_3': 57, 'neurons_hidden_2': 274, 'neurons_hidden_1': 266}",-1793.4075342465753,-404.53953269925984,-337.5224732879439,-369.10511076302055,-358.79058558424265,-652.6730473162085,570.7789363691454,204
268,0.8117434501647949,0.030923993760210773,0.25365166664123534,0.01577226308849891,144,68,137,"{'neurons_hidden_3': 144, 'neurons_hidden_2': 68, 'neurons_hidden_1': 137}",-457.6664687058219,-399.25892204452185,-363.44306032269884,-439.88394504725306,-382.452224559395,-408.5409241359381,35.203116958793345,101
269,0.8545023918151855,0.017389136754999535,0.28853235244750974,0.02995744803397257,278,215,174,"{'neurons_hidden_3': 278, 'neurons_hidden_2': 215, 'neurons_hidden_1': 174}",-366.33225707737296,-351.6394811325745,-304.66645931195046,-374.22223347488375,-328.3648335427408,-345.0450529079045,25.52097157107571,15
270,0.8355059146881103,0.023758620092984684,0.2761047840118408,0.018503081774034223,193,180,186,"{'neurons_hidden_3': 193, 'neurons_hidden_2': 180, 'neurons_hidden_1': 186}",-388.49180571734155,-351.69662633266114,-348.5582032296399,-353.50706651788664,-343.60766147313734,-357.1722726541333,16.015807556898398,30
271,0.8929161548614502,0.03685486583471166,0.28781981468200685,0.025723092924309552,293,178,185,"{'neurons_hidden_3': 293, 'neurons_hidden_2': 178, 'neurons_hidden_1': 185}",-353.8731552770761,-1754.8458904109589,-348.29324051706476,-359.55564194861756,-342.77831456489423,-631.8692485437222,561.5161594869471,183
272,0.8237071514129639,0.016188996905748588,0.27620601654052734,0.015362011927300306,169,242,111,"{'neurons_hidden_3': 169, 'neurons_hidden_2': 242, 'neurons_hidden_1': 111}",-1710.5415511785081,-413.00002260716496,-384.94454365226505,-377.88477011961805,-330.5422934395386,-643.382636199419,534.2382882376371,197
273,0.8434565544128418,0.04570307449656773,0.331453275680542,0.059525299475023455,195,206,64,"{'neurons_hidden_3': 195, 'neurons_hidden_2': 206, 'neurons_hidden_1': 64}",-1793.4075342465753,-424.5611412978544,-437.0105449879424,-395.4077677152518,-1695.11301369863,-949.1000003892508,650.1295780548378,284
274,0.8803364753723144,0.12076889876198361,0.27207040786743164,0.03111501969282588,128,131,117,"{'neurons_hidden_3': 128, 'neurons_hidden_2': 131, 'neurons_hidden_1': 117}",-423.19212004399037,-416.0437724048208,-399.1637277522413,-398.51678931722415,-381.5447131659319,-403.69222453684176,14.632917223095799,89
275,0.8100882530212402,0.024771597836645634,0.26433486938476564,0.027819022503884457,251,67,60,"{'neurons_hidden_3': 251, 'neurons_hidden_2': 67, 'neurons_hidden_1': 60}",-1793.4075342465753,-441.67162974297514,-372.72606795133544,-532.8552702200708,-423.94589888590366,-712.9212802093722,542.7135965588649,259
276,0.8271018981933593,0.028154032622666896,0.26920499801635744,0.023386051306303404,264,104,295,"{'neurons_hidden_3': 264, 'neurons_hidden_2': 104, 'neurons_hidden_1': 295}",-389.7258108826068,-1754.8458904109589,-358.27744892521497,-1583.0650684931506,-1695.11301369863,-1156.2054464821124,641.121050206257,296
277,0.8339734077453613,0.03879392648049653,0.3009033203125,0.033191666595823954,89,262,163,"{'neurons_hidden_3': 89, 'neurons_hidden_2': 262, 'neurons_hidden_1': 163}",-406.8695668716924,-452.1857456698925,-333.6962020492685,-377.36651907725343,-357.8796143654817,-385.59952960671774,41.027479156683896,53
278,0.8750155925750732,0.03978734037377207,0.2823807716369629,0.031015789510503395,139,220,275,"{'neurons_hidden_3': 139, 'neurons_hidden_2': 220, 'neurons_hidden_1': 275}",-372.1371968724081,-365.43739558270585,-316.94498388018826,-384.3937473512542,-322.7888837550873,-352.34044148832874,27.26532277740471,22
279,0.8095654487609864,0.015174769114726934,0.27570462226867676,0.015786857253168127,124,275,62,"{'neurons_hidden_3': 124, 'neurons_hidden_2': 275, 'neurons_hidden_1': 62}",-434.3061378008968,-416.0612465858778,-395.2712211649534,-399.38207114669086,-382.7141414687366,-405.5469636334311,17.90293157812343,94
280,0.8501674652099609,0.04079015416297444,0.27993130683898926,0.02550724738052972,102,183,260,"{'neurons_hidden_3': 102, 'neurons_hidden_2': 183, 'neurons_hidden_1': 260}",-371.5103836933388,-456.8935856362293,-378.5629979279576,-407.6604095663722,-335.95501917793024,-390.1164792003657,40.44775619963192,62
281,0.801824951171875,0.025606253654231075,0.2776198387145996,0.02279360712396795,95,94,110,"{'neurons_hidden_3': 95, 'neurons_hidden_2': 94, 'neurons_hidden_1': 110}",-430.4593379600377,-477.44379563782155,-1905.8561643835617,-450.9277319905172,-385.1894022273654,-729.9752864398607,588.7143008200953,266
282,0.8074268341064453,0.030997377356280113,0.2557693004608154,0.01405920098569575,54,27,254,"{'neurons_hidden_3': 54, 'neurons_hidden_2': 27, 'neurons_hidden_1': 254}",-460.75363384446166,-513.2315405081879,-367.9605341533976,-531.8909696807511,-466.8717862876897,-468.14169289489763,56.90259272585475,150
283,0.8594883441925049,0.035023081774406155,0.2681597709655762,0.02915618777736441,238,284,235,"{'neurons_hidden_3': 238, 'neurons_hidden_2': 284, 'neurons_hidden_1': 235}",-372.41994656623035,-347.6827500601522,-290.11909133502377,-354.1872902530608,-309.916001273805,-334.8650158976544,30.24125826917024,3
284,0.836470651626587,0.09273778587157333,0.24122586250305175,0.020422740033216667,284,120,62,"{'neurons_hidden_3': 284, 'neurons_hidden_2': 120, 'neurons_hidden_1': 62}",-433.13994738312863,-428.0386310579659,-411.0832853918957,-382.191405308347,-410.70763306132113,-413.03218044053165,17.83183094768488,113
285,0.7853228569030761,0.019270158811874844,0.26079788208007815,0.02186755888594042,202,80,297,"{'neurons_hidden_3': 202, 'neurons_hidden_2': 80, 'neurons_hidden_1': 297}",-458.4819079607777,-429.67782900912374,-423.24100116006775,-363.16753079450615,-403.7063565392681,-415.6549250927486,31.57858672145381,119
286,0.7778831481933594,0.022345926263511638,0.24891066551208496,0.014721624613798705,84,63,76,"{'neurons_hidden_3': 84, 'neurons_hidden_2': 63, 'neurons_hidden_1': 76}",-496.1293020588354,-491.8115417011546,-397.84990382036875,-607.8003427200201,-1695.11301369863,-737.7408207998018,483.2865020525465,269
287,0.7763692378997803,0.006331876847901304,0.24650516510009765,0.009881810605441224,95,48,150,"{'neurons_hidden_3': 95, 'neurons_hidden_2': 48, 'neurons_hidden_1': 150}",-470.2119198379569,-1754.8458904109589,-1905.8561643835617,-463.61966918338015,-436.3828688759693,-1006.1833025383654,674.7177309565564,291
288,0.7978539943695069,0.021294405369085195,0.2461162567138672,0.013016726355604686,243,57,99,"{'neurons_hidden_3': 243, 'neurons_hidden_2': 57, 'neurons_hidden_1': 99}",-1793.4075342465753,-490.2469897452235,-387.0458871367947,-393.1290739238339,-378.77165021010313,-688.520227052506,553.9269139626754,241
289,0.7839424133300781,0.004701457353236849,0.24839439392089843,0.012346968684141356,80,76,97,"{'neurons_hidden_3': 80, 'neurons_hidden_2': 76, 'neurons_hidden_1': 97}",-610.3991780193031,-416.5708690811073,-389.2176726116121,-581.9295000606317,-405.77591034786417,-480.7786260241037,95.04150505769564,156
290,0.7817118644714356,0.017787948619154722,0.2488788604736328,0.015954734666389553,78,56,180,"{'neurons_hidden_3': 78, 'neurons_hidden_2': 56, 'neurons_hidden_1': 180}",-484.3407068285084,-488.9042578554642,-380.24877588626094,-529.9860005031016,-1695.11301369863,-715.7185509543931,492.1850250143306,262
291,0.7893826961517334,0.019203490944120372,0.27481951713562014,0.0271106973472949,153,186,89,"{'neurons_hidden_3': 153, 'neurons_hidden_2': 186, 'neurons_hidden_1': 89}",-1793.4075342465753,-423.5375825700663,-392.90315064368855,-554.8991165106119,-397.9887411598172,-712.5472250261519,543.6465546031355,258
292,0.7880092620849609,0.03555393028437058,0.24042353630065919,0.010166790333941593,21,25,42,"{'neurons_hidden_3': 21, 'neurons_hidden_2': 25, 'neurons_hidden_1': 42}",-1793.4075342465753,-792.1627205099717,-898.6144027260505,-639.4054662500124,-669.9287694349837,-958.7037786335186,427.4153565329562,287
293,0.7780657768249511,0.04534561761685457,0.2603638172149658,0.02254022288895012,217,30,29,"{'neurons_hidden_3': 217, 'neurons_hidden_2': 30, 'neurons_hidden_1': 29}",-480.84506643759204,-1754.8458904109589,-416.1628601386463,-423.9733623704194,-442.00016392287915,-703.5654686560991,526.1146864799596,252
294,0.8388868808746338,0.03135675241420969,0.2562564373016357,0.03988502212176977,210,242,88,"{'neurons_hidden_3': 210, 'neurons_hidden_2': 242, 'neurons_hidden_1': 88}",-448.8689710566934,-1754.8458904109589,-424.31531948900255,-390.3856041972605,-422.8956378865441,-688.2622846080918,533.6155397026884,240
295,0.8150224685668945,0.014261196154436452,0.23706326484680176,0.007185345066635148,91,231,193,"{'neurons_hidden_3': 91, 'neurons_hidden_2': 231, 'neurons_hidden_1': 193}",-370.19601002933734,-459.5602952980509,-414.2458249743648,-380.2322111517309,-368.26174929245224,-398.49921814918724,34.714465072845016,76
296,0.7809585094451904,0.01858229538492941,0.23692402839660645,0.004459357367649004,111,68,140,"{'neurons_hidden_3': 111, 'neurons_hidden_2': 68, 'neurons_hidden_1': 140}",-446.30691437588143,-566.3604851017989,-388.1958951636655,-619.0270595636406,-417.7564976622612,-487.5293703734495,89.37636248334363,158
297,0.8112368106842041,0.021882930034640948,0.2560232162475586,0.022582074244717525,175,236,100,"{'neurons_hidden_3': 175, 'neurons_hidden_2': 236, 'neurons_hidden_1': 100}",-436.4438247506071,-419.0982337771752,-450.64208068096775,-435.53147711158795,-1695.11301369863,-687.3657260037936,503.97270103457004,238
298,0.8013410568237305,0.017815123938479595,0.9147416114807129,1.2937778704351017,284,82,115,"{'neurons_hidden_3': 284, 'neurons_hidden_2': 82, 'neurons_hidden_1': 115}",-444.5307050827159,-403.9778630245025,-376.00027100094775,-388.9859087675288,-398.0800193579255,-402.3149534467241,23.121399462290828,85
299,307.69200072288515,166.39341645626934,86.20241961479186,73.11502945678397,275,162,178,"{'neurons_hidden_3': 275, 'neurons_hidden_2': 162, 'neurons_hidden_1': 178}",-1793.4075342465753,-350.36396029925845,-323.657804604679,-357.02647886577347,-347.6243231282905,-634.4160202289153,579.6053840461972,188
